age,sex,job,housing,saving_accounts,credit_amount,duration,purpose,risk,income,education,marital_status,number_of_children,credit_score,credit_assignment
49,male,2,free,little,47177.738398956615,24,car,good,459897.4439376575,High School Diploma,Married,3,Average,Yes
26,female,1,rent,rich,68983.14286380538,30,business,bad,244014.65928108356,Bachelor's Degree,Married,2,Low,No
23,female,2,rent,little,36526.30830306443,30,furniture/equipment,bad,1422278.7917269885,Doctorate,Single,3,Average,No
34,male,1,free,little,59408.86665158143,48,business,bad,462806.261230555,Bachelor's Degree,Single,3,Average,No
40,male,3,own,quite rich,63768.39105440413,30,car,good,921474.412678506,Master's Degree,Single,0,Low,No
28,male,1,own,little,45386.9167336656,21,car,good,46279.13831747301,Doctorate,Single,0,Low,No
28,male,2,own,quite rich,11829.66537409232,12,radio/TV,good,1361239.017295867,Associates's Degree,Married,0,High,Yes
24,female,2,rent,little,69567.12432678867,48,business,bad,123120.7896992624,Bachelor's Degree,Married,0,High,No
49,male,2,own,little,18022.08356410225,9,radio/TV,good,759390.6135044601,Associates's Degree,Single,1,High,Yes
26,female,2,own,little,22450.134802957466,12,car,bad,922846.1893191192,Doctorate,Married,2,Average,Yes
25,male,2,own,moderate,122009.15721315112,30,business,good,108377.71071958398,High School Diploma,Married,0,High,Yes
37,male,1,own,moderate,53670.18294435868,12,education,good,1116411.7514659974,Associates's Degree,Married,1,Low,No
40,male,2,own,little,44079.38210625515,22,radio/TV,good,1302587.7909234157,Master's Degree,Married,3,Low,No
34,female,2,own,moderate,23788.831915381998,12,radio/TV,good,194454.4411545051,Bachelor's Degree,Married,0,Average,No
28,female,3,own,little,50566.35739084868,36,furniture/equipment,bad,989839.6289962424,High School Diploma,Single,2,High,Yes
26,female,3,rent,quite rich,71784.66298834828,30,radio/TV,good,1263983.2973250437,Master's Degree,Married,3,Average,Yes
36,male,2,own,little,34751.02111345594,30,car,good,477842.2302910279,High School Diploma,Single,3,Low,Yes
26,female,3,rent,moderate,89538.84315067121,24,car,good,1388014.3984832098,Associates's Degree,Single,3,High,Yes
41,male,2,own,little,100930.1731468162,18,furniture/equipment,good,1029921.6325888318,Master's Degree,Married,1,Average,No
30,male,3,own,little,29834.843326493283,30,radio/TV,bad,935631.045003189,High School Diploma,Married,0,Low,Yes
48,male,1,rent,little,35126.84304884855,10,car,good,63826.24655412396,Doctorate,Married,1,High,Yes
35,male,2,own,little,63428.99909654937,24,furniture/equipment,good,1216667.3145440505,High School Diploma,Married,2,Average,No
24,female,2,rent,quite rich,20220.423340185305,15,domestic appliances,bad,225981.1314579427,Bachelor's Degree,Single,1,High,Yes
22,male,2,free,little,60666.820682046426,14,car,good,132624.9561877113,Associates's Degree,Single,3,High,Yes
35,male,0,own,quite rich,24600.9605960252,9,car,good,210627.86503581636,Bachelor's Degree,Married,2,Average,Yes
41,male,1,own,little,13952.872024165936,12,car,bad,73279.78854963553,Associates's Degree,Married,2,High,Yes
42,male,3,own,moderate,163555.3459157971,60,car,good,1135549.8444088816,Doctorate,Single,1,High,No
27,male,2,own,quite rich,22616.10256475713,9,business,good,74649.05868109208,Doctorate,Married,1,High,No
23,male,2,own,quite rich,14214.0953961723,13,radio/TV,good,655395.3657968941,Associates's Degree,Married,2,Low,Yes
26,male,2,rent,little,36849.23958231664,12,car,good,135695.68787076423,Bachelor's Degree,Married,0,High,No
54,male,2,free,little,25585.70160722488,24,education,good,1334233.120435572,Doctorate,Married,0,High,No
61,male,3,free,little,31201.105677193,36,business,bad,105492.46246626887,Master's Degree,Married,2,High,Yes
35,male,3,own,little,17079.95376481609,6,furniture/equipment,good,897368.8222573193,Doctorate,Married,0,Average,No
36,male,2,own,little,19289.088591689386,15,domestic appliances,good,81676.59996080282,Master's Degree,Single,0,High,Yes
50,female,1,own,little,16683.992221431723,6,education,good,745108.3095960418,High School Diploma,Single,3,Average,No
22,female,2,rent,quite rich,36667.30729514445,9,furniture/equipment,good,1083381.0571586594,High School Diploma,Married,0,Low,No
28,male,2,own,little,16486.377526987395,6,radio/TV,good,168497.3363684818,Doctorate,Married,3,Low,No
29,male,2,own,moderate,112502.52942555957,36,education,bad,47044.16834470372,Bachelor's Degree,Married,1,Average,No
36,male,3,free,little,30828.93804775584,18,radio/TV,good,982577.6734241024,Doctorate,Married,3,Low,No
22,female,2,own,moderate,12233.011830810708,12,domestic appliances,bad,544278.5214661552,Associates's Degree,Single,0,High,Yes
30,male,2,free,little,44816.10312737984,36,car,good,261368.6419758664,Associates's Degree,Single,1,Average,No
28,male,3,own,quite rich,64421.00255737654,30,car,bad,177255.12941117494,High School Diploma,Single,0,Low,No
23,male,1,own,little,39725.04984427459,27,radio/TV,bad,809224.1944671501,Bachelor's Degree,Married,2,High,Yes
33,male,2,own,little,80559.20068332899,24,furniture/equipment,good,1150396.1731730534,Bachelor's Degree,Single,3,High,Yes
37,male,2,free,little,37387.23386941171,12,radio/TV,good,51972.802889518665,Bachelor's Degree,Single,3,Average,Yes
26,female,1,rent,rich,68818.97444556712,30,business,bad,229726.5568490449,Bachelor's Degree,Married,2,Low,No
26,female,3,rent,moderate,88912.57838086315,24,car,good,1446086.5656201236,Associates's Degree,Single,3,High,Yes
22,male,2,free,little,50037.59372717014,24,furniture/equipment,good,1349070.2157485606,Doctorate,Single,0,Low,No
25,male,2,own,moderate,128873.5735628318,30,business,good,108342.13932474004,High School Diploma,Married,0,High,Yes
23,female,2,rent,quite rich,33266.17409669109,10,furniture/equipment,good,320271.3913094168,Bachelor's Degree,Single,0,Average,No
20,male,3,rent,little,17999.78802197618,12,radio/TV,good,558018.4992140615,Bachelor's Degree,Single,1,Low,Yes
32,male,1,own,little,20091.48931838683,18,radio/TV,good,919864.3976992264,Associates's Degree,Married,2,Average,Yes
39,male,2,own,little,22753.25565102865,18,radio/TV,good,41183.31888260919,Master's Degree,Married,3,High,No
58,male,2,rent,little,243632.9540133783,54,business,bad,81755.77267408499,Doctorate,Married,1,High,No
28,female,1,own,little,11458.20042157982,9,radio/TV,bad,1073950.7421881366,High School Diploma,Married,0,Low,Yes
36,male,3,rent,moderate,111386.34013069098,24,business,good,47993.12697115351,High School Diploma,Single,0,Average,Yes
27,female,1,own,little,55395.52475164266,15,furniture/equipment,good,554214.3723568,High School Diploma,Married,3,Average,Yes
54,female,2,rent,little,115751.18311613922,36,car,good,381885.9380935914,Associates's Degree,Single,1,High,No
30,male,2,rent,little,27809.536560267803,6,radio/TV,good,483318.4012100685,Associates's Degree,Married,2,High,No
61,male,1,own,little,49857.32901569686,12,radio/TV,good,75014.84873159033,Master's Degree,Married,2,High,Yes
48,female,1,free,little,18678.17268227438,10,car,bad,661508.7580631588,Associates's Degree,Single,2,High,No
32,male,2,free,quite rich,17738.91815613161,9,education,bad,1038722.5075619326,Master's Degree,Single,0,High,No
26,male,2,own,little,32040.088527253527,10,furniture/equipment,good,21926.792759980755,High School Diploma,Single,0,Low,Yes
50,female,1,own,moderate,16855.213821500933,6,education,good,771736.9685508044,High School Diploma,Single,3,Average,No
39,male,2,own,little,36114.553040831255,36,radio/TV,good,114244.59180392385,High School Diploma,Married,0,High,Yes
36,male,2,free,little,13722.424649202894,7,radio/TV,good,1097261.6484861416,High School Diploma,Married,1,Low,No
32,male,1,free,little,21782.29736328794,18,car,bad,631304.367965255,Associates's Degree,Married,3,High,No
24,male,1,rent,little,28888.990925405305,12,furniture/equipment,good,50936.31609182655,Bachelor's Degree,Single,0,Average,Yes
43,male,3,own,rich,39526.794559069865,27,business,good,1504252.8742733088,Master's Degree,Single,3,High,Yes
52,male,2,own,little,35963.06513278741,24,radio/TV,good,228019.10113278392,Doctorate,Single,3,High,Yes
38,male,2,own,little,11356.663360243789,12,education,good,406824.9548238132,High School Diploma,Married,1,High,No
37,female,2,own,quite rich,57426.25108798533,18,furniture/equipment,good,563970.8255761312,High School Diploma,Single,2,Low,No
26,female,1,own,little,18042.485954783504,18,radio/TV,good,1238137.8696316883,Bachelor's Degree,Married,0,High,No
63,male,2,own,quite rich,45520.82842405956,24,car,good,1072923.294392954,Associates's Degree,Married,2,Low,No
22,female,2,rent,rich,28886.05882974869,12,furniture/equipment,good,1015375.3086203706,High School Diploma,Married,2,Average,Yes
37,male,2,own,little,63235.27065700857,24,car,good,1156352.195531511,High School Diploma,Single,1,Average,Yes
41,male,3,own,little,101206.84717271956,24,car,good,1393483.2561257614,Doctorate,Married,1,Average,Yes
47,male,2,own,moderate,48726.49447380565,30,radio/TV,good,1115921.742459834,Associates's Degree,Single,2,Average,Yes
44,female,3,free,little,196479.95653488504,24,car,bad,28127.19320215741,Associate's Degree,Single,0,Low,Yes
32,male,3,own,little,9729.318853866273,18,radio/TV,good,800891.7095630792,Bachelor's Degree,Single,3,Low,Yes
27,male,2,own,little,133922.38958662903,27,car,good,89844.17779397838,Master's Degree,Married,2,High,Yes
27,male,2,own,little,133146.16186163935,24,business,bad,128792.85354140944,Associates's Degree,Married,3,Low,Yes
22,male,2,own,moderate,23696.47850692383,9,radio/TV,bad,232776.600331873,Bachelor's Degree,Single,1,High,No
22,female,2,rent,little,29502.36754873838,12,furniture/equipment,good,990430.7047206789,High School Diploma,Married,2,Average,Yes
28,female,2,rent,rich,42924.93573108374,24,car,good,1105106.6960361232,High School Diploma,Single,0,Low,Yes
24,female,2,rent,quite rich,33170.34570629372,18,furniture/equipment,bad,566085.3578607558,Master's Degree,Married,3,High,Yes
50,male,2,own,little,58479.36760244493,24,furniture/equipment,good,984049.3783348316,Master's Degree,Single,0,Low,No
25,female,1,own,little,43372.2318142443,15,repairs,good,419342.9831855053,High School Diploma,Single,2,Low,Yes
38,male,2,own,rich,96831.6345704137,30,radio/TV,good,826836.6119152962,Associates's Degree,Married,3,High,No
36,male,2,own,little,36091.47186020371,36,radio/TV,good,140718.39402159257,Master's Degree,Married,0,High,No
26,female,2,rent,little,50631.032672940295,18,furniture/equipment,bad,83277.16283407864,Doctorate,Single,0,Average,No
44,male,2,free,little,160407.9730019092,48,car,bad,309136.26636205177,Doctorate,Single,3,High,No
26,female,2,rent,little,50117.14920787419,18,furniture/equipment,bad,80082.84017977095,Doctorate,Single,0,Average,No
45,male,3,own,little,110531.53680699956,6,car,good,1208899.3149178205,High School Diploma,Single,2,High,No
31,male,2,rent,quite rich,49765.88574447719,24,business,bad,347600.44639923255,Doctorate,Married,0,High,No
49,male,2,rent,rich,91476.17748074592,12,furniture/equipment,good,1118726.3317439444,Doctorate,Single,3,Average,No
29,female,0,own,little,63775.9969287073,36,domestic appliances,good,177780.64871010766,Associates's Degree,Married,0,Average,No
35,male,3,own,little,16278.401386020478,6,furniture/equipment,good,916411.1430796296,Doctorate,Married,0,Average,No
52,male,2,own,moderate,14922.791936408954,9,education,good,26533.98645296474,High School Diploma,Single,3,High,Yes
46,male,2,own,little,36850.08600845275,36,furniture/equipment,good,474289.7314728573,Master's Degree,Married,3,High,No
31,female,2,own,little,29663.321302784312,6,radio/TV,good,796575.9261858866,Bachelor's Degree,Married,1,High,No
36,male,2,free,quite rich,13964.237037339582,7,radio/TV,good,1053070.891965112,High School Diploma,Married,1,Low,No
36,male,2,own,little,48263.505289001005,36,car,good,1055479.6396710495,High School Diploma,Married,2,Average,Yes
42,male,2,free,little,83205.55782357485,36,car,good,912675.707377112,Associates's Degree,Married,0,Average,Yes
25,male,2,own,little,24120.94073758634,12,radio/TV,bad,1075751.227510604,Associates's Degree,Single,2,High,No
31,male,2,own,little,47299.77650528747,18,business,good,69024.63777278936,Master's Degree,Single,1,Average,No
25,male,2,own,rich,14942.703417843506,15,furniture/equipment,good,1395427.6150399295,Doctorate,Single,1,Average,No
30,female,2,own,little,26037.59166437089,12,furniture/equipment,good,443488.5662384196,Master's Degree,Single,3,Low,Yes
28,male,2,own,little,21290.767966633422,6,car,good,108180.78395016238,Bachelor's Degree,Single,2,High,Yes
43,male,2,own,little,61422.1958842122,24,car,good,1264383.7687910742,Master's Degree,Single,3,Low,Yes
36,male,3,rent,little,109966.05219825314,20,car,good,46720.02168305456,Associate's Degree,Single,0,Average,No
64,female,2,own,moderate,22133.11449540108,10,car,good,1300857.1363129306,High School Diploma,Married,2,Low,No
30,male,2,own,little,11480.652795639102,12,radio/TV,good,1007047.0958544208,Doctorate,Married,0,Average,Yes
27,female,2,own,moderate,47513.47891664159,12,radio/TV,good,273023.5227516691,Doctorate,Married,3,Low,Yes
24,male,2,own,little,29364.90008464797,18,radio/TV,good,1136126.5114115966,Associates's Degree,Single,1,High,Yes
34,female,2,own,quite rich,23530.54547284473,24,car,good,237299.73760517192,Doctorate,Single,0,Low,No
25,female,2,own,little,27915.265437097227,21,radio/TV,bad,81495.71293624185,Master's Degree,Single,0,High,Yes
24,male,2,free,little,73878.82270317891,48,car,bad,1269299.37622988,Master's Degree,Married,3,High,Yes
31,male,2,own,little,21920.25387748641,15,radio/TV,good,1158896.362594562,Doctorate,Married,2,Average,No
22,male,2,own,quite rich,23006.151939069707,15,repairs,good,382316.56605848414,High School Diploma,Single,2,High,No
29,female,0,own,little,61376.25807560001,36,domestic appliances,good,179157.8889292954,Associates's Degree,Married,0,Average,No
34,male,1,own,little,27129.430900765343,6,business,good,1036829.0798670877,High School Diploma,Married,1,High,Yes
29,female,3,own,little,42209.26470375973,24,car,good,141952.82154346592,High School Diploma,Married,3,Low,No
23,female,2,rent,moderate,135515.08840905246,18,education,good,783023.4115429941,Master's Degree,Married,3,High,Yes
30,male,2,own,little,57579.42002669313,48,business,good,85713.09153805971,High School Diploma,Married,1,High,Yes
41,male,2,own,little,95852.5348589668,18,furniture/equipment,good,980832.782355563,Master's Degree,Married,1,Average,No
44,male,2,rent,little,40485.25030403472,6,radio/TV,good,71786.50464023543,Master's Degree,Single,0,High,Yes
27,male,2,own,little,16873.446473455704,15,radio/TV,good,170769.59708077306,High School Diploma,Single,1,Low,Yes
29,female,2,own,little,8482.57973706759,6,radio/TV,good,1232022.7809799938,Master's Degree,Married,0,Low,Yes
31,male,2,own,little,44851.85592795372,18,car,bad,397852.9476619469,Associates's Degree,Married,3,Average,No
22,male,2,own,moderate,21626.59470419593,12,radio/TV,bad,820211.911735635,Doctorate,Married,3,High,No
50,male,2,own,little,24823.197854053964,24,business,good,368052.8011780436,Doctorate,Single,0,High,No
33,male,2,own,little,19786.59485836072,18,radio/TV,bad,154533.566392175,High School Diploma,Married,2,Low,Yes
49,male,2,own,little,136762.16877341457,30,furniture/equipment,bad,1384338.3141228335,Associates's Degree,Married,0,Low,Yes
42,male,2,free,quite rich,21480.7219603216,6,radio/TV,good,86515.25375748274,Master's Degree,Single,0,High,Yes
61,male,2,free,little,20233.17781261657,18,education,good,1025468.1276494892,Doctorate,Single,1,Average,No
33,female,2,own,little,50665.9626929949,18,furniture/equipment,good,1465417.4654038094,Associates's Degree,Married,1,High,No
44,male,2,rent,little,42346.50840429455,6,radio/TV,good,73722.66397487042,Master's Degree,Single,0,High,Yes
35,female,2,own,little,21157.58892948532,12,radio/TV,good,512017.6533502964,Bachelor's Degree,Married,0,High,Yes
31,male,2,own,little,86639.83934487925,36,business,good,52436.211839395895,High School Diploma,Married,0,Low,Yes
26,male,2,rent,little,43084.1105459129,15,business,good,862414.352547688,Associates's Degree,Married,1,Average,No
39,male,2,free,moderate,155421.25124905346,48,car,bad,419218.16729965,Doctorate,Single,1,Average,No
57,male,2,free,little,34023.93177814364,36,car,bad,44685.9171901111,Associate's Degree,Single,0,Average,No
52,male,2,own,little,15240.744555517014,9,education,good,25292.899143586,High School Diploma,Single,3,High,Yes
33,female,2,own,little,44688.03206854464,30,radio/TV,good,72381.41124525858,Doctorate,Married,3,Low,Yes
32,male,2,own,little,47942.080711549446,6,furniture/equipment,good,1088049.978101386,Master's Degree,Married,2,Low,No
33,male,2,own,quite rich,20319.27914438789,18,radio/TV,bad,155300.60971195568,High School Diploma,Married,2,Low,Yes
29,female,2,own,little,30616.22617977984,12,car,good,1071045.7943259445,Associates's Degree,Single,1,Average,Yes
48,female,1,own,quite rich,69743.47182271307,24,furniture/equipment,good,1056788.802067036,Master's Degree,Single,0,Low,Yes
23,female,1,rent,little,51216.72914329954,24,furniture/equipment,bad,916643.8373291978,Master's Degree,Married,3,Average,Yes
44,male,2,rent,little,42921.81067049245,6,radio/TV,good,71368.98287204946,Master's Degree,Single,0,High,Yes
41,male,2,own,little,95396.38171738546,18,furniture/equipment,good,1012688.3586251652,Master's Degree,Married,1,Average,No
46,male,2,own,little,40742.81677229063,24,radio/TV,good,723460.7985834711,Bachelor's Degree,Married,2,Low,Yes
36,male,2,free,little,13918.307152746716,7,radio/TV,good,1114084.2768174538,High School Diploma,Married,1,Low,No
27,male,2,rent,little,131271.4950413059,36,business,bad,1340036.2609827342,Doctorate,Married,3,Average,Yes
36,male,2,own,little,34746.148911282646,30,car,good,453785.1466195069,High School Diploma,Single,3,Low,Yes
22,male,2,own,little,21458.52526157609,12,radio/TV,bad,804409.881740451,Doctorate,Married,3,High,No
39,male,2,own,little,34861.26006494877,36,radio/TV,good,117315.69970592056,High School Diploma,Married,0,High,Yes
40,male,3,own,little,117412.71368155172,18,furniture/equipment,good,790756.4508454332,Master's Degree,Married,3,High,Yes
41,male,2,own,little,37696.83384190139,30,business,good,1045539.431792784,High School Diploma,Married,1,High,No
40,male,2,own,rich,42540.90822207131,22,radio/TV,good,1258235.9501706846,Master's Degree,Married,3,Low,No
27,male,1,own,moderate,18264.01157689033,12,car,good,414005.2365218265,Doctorate,Single,2,High,No
59,female,2,rent,little,100217.93017469328,48,business,bad,956799.5168532968,Doctorate,Single,2,Average,No
30,male,2,own,quite rich,11548.55989107137,12,radio/TV,good,989482.276565005,Doctorate,Married,0,Average,Yes
46,male,2,own,little,42200.5732948501,24,radio/TV,good,723566.3967425703,Bachelor's Degree,Married,2,Low,Yes
44,female,2,own,little,89096.25990758478,24,radio/TV,bad,47751.234441617606,High School Diploma,Single,0,Average,Yes
53,male,2,free,little,78570.68281877272,24,car,bad,90755.15795827612,Bachelor's Degree,Married,3,High,No
32,male,1,free,little,23610.81389821653,18,car,bad,687445.1792450518,Associates's Degree,Married,3,High,No
35,male,2,own,rich,38575.88939407717,24,car,good,473441.722075144,High School Diploma,Single,2,Low,No
32,male,2,rent,little,177264.53039298786,39,education,good,249311.6329425329,Master's Degree,Married,3,Low,Yes
25,female,2,own,moderate,38293.53187149754,36,radio/TV,good,82979.40738433418,Master's Degree,Married,2,High,No
24,male,2,own,little,90998.08920140503,36,radio/TV,good,119102.2213052116,High School Diploma,Married,0,High,No
27,male,3,free,moderate,143139.04637944704,60,radio/TV,good,367161.3481751126,Bachelor's Degree,Single,0,Low,No
26,male,2,own,little,82959.26472031532,21,car,good,966050.1189167396,High School Diploma,Married,1,Low,No
37,male,2,free,little,36278.43327208048,12,radio/TV,good,54789.01227157461,Bachelor's Degree,Single,3,Average,Yes
27,male,1,own,little,16874.11987256547,9,radio/TV,good,1102371.8131433986,Doctorate,Single,1,Low,No
58,female,1,own,little,27098.72363942775,24,vacation/others,good,80087.89581190067,Doctorate,Married,1,High,No
47,male,1,own,little,21082.37116937744,15,radio/TV,good,365892.3628304203,Bachelor's Degree,Single,0,Average,Yes
41,female,3,rent,little,61452.58791955027,24,car,good,68928.87449954059,Doctorate,Married,1,High,Yes
29,female,2,own,little,51498.093782835625,21,radio/TV,good,592967.6031594303,Doctorate,Single,1,Average,Yes
23,female,2,own,quite rich,15660.903168867091,12,repairs,good,602541.7274939797,Master's Degree,Married,2,Low,Yes
29,male,1,own,little,22807.060830804337,4,car,good,1316819.340094992,Bachelor's Degree,Single,1,High,Yes
33,male,2,own,moderate,24362.399697376208,24,car,good,591235.2036407049,Bachelor's Degree,Single,3,Average,Yes
28,male,3,rent,quite rich,144580.34602469116,36,car,bad,1064487.179531337,Doctorate,Married,0,High,No
25,female,2,own,moderate,38804.268482308784,36,radio/TV,good,79129.61674226259,Master's Degree,Married,2,High,No
35,male,0,own,little,24270.34709894746,9,car,good,220197.14214530008,Bachelor's Degree,Married,2,Average,Yes
37,female,2,rent,little,123451.98325398838,48,business,bad,681981.1000522479,High School Diploma,Single,2,Average,Yes
30,female,2,own,moderate,132899.27692533846,48,car,good,710869.4515768386,Master's Degree,Married,3,Average,No
23,female,1,own,quite rich,15738.63193152103,18,car,bad,1341708.091082123,High School Diploma,Married,3,Average,Yes
34,male,1,own,little,193674.800612228,30,repairs,bad,248274.81029928027,Bachelor's Degree,Single,2,Low,No
26,female,3,rent,quite rich,69866.55325674027,30,radio/TV,good,1279436.4898546876,Master's Degree,Married,3,Average,Yes
60,male,1,own,little,18587.526962579883,24,car,bad,48932.0101048552,Associate's Degree,Single,0,Average,No
21,male,1,own,little,98325.83166019086,24,business,good,1167163.072169679,High School Diploma,Single,1,High,No
27,female,2,rent,little,14876.387483207613,12,furniture/equipment,bad,876405.0119313746,Master's Degree,Single,3,Average,Yes
26,female,2,own,little,163051.09480683433,48,furniture/equipment,bad,1087379.9023698005,Bachelor's Degree,Single,2,High,No
27,male,2,own,rich,139129.64350797213,27,car,good,91182.53187153372,Master's Degree,Married,2,High,Yes
29,male,2,own,quite rich,22264.5970746754,9,car,bad,724741.9771265147,High School Diploma,Single,3,Average,No
52,female,1,own,moderate,5464.335933961053,6,car,good,1319274.8966034057,Bachelor's Degree,Single,3,Average,Yes
31,male,2,own,little,56190.80057743658,12,car,good,423068.098529305,Master's Degree,Married,2,High,Yes
34,male,2,free,little,104133.40745901733,60,car,good,489275.721593992,Bachelor's Degree,Single,2,Average,No
44,male,2,free,little,151664.33288629743,48,car,bad,289439.7942411501,Doctorate,Single,3,High,No
53,male,2,free,moderate,108403.2900920598,48,furniture/equipment,bad,619561.6239025173,Master's Degree,Single,1,High,No
25,female,2,own,little,43342.81671751852,12,furniture/equipment,bad,53057.65534402835,High School Diploma,Single,0,Low,No
24,female,2,own,little,139481.8470752376,48,car,good,82656.37033488363,Doctorate,Single,0,High,Yes
30,male,2,free,little,46769.59271475901,36,car,good,262907.80217340635,Associates's Degree,Single,1,Average,No
29,female,1,rent,quite rich,17267.619196648673,12,furniture/equipment,bad,77319.01088455952,Master's Degree,Single,3,Average,Yes
27,male,1,own,little,17301.01861406698,9,radio/TV,good,1100867.5118985586,Doctorate,Single,1,Low,No
38,male,2,own,little,54042.08753674182,24,car,good,113189.52609495816,Associate's Degree,Married,0,High,Yes
49,female,2,own,quite rich,16765.683221758864,12,radio/TV,good,971823.3482510656,Doctorate,Single,3,High,Yes
35,male,3,own,little,16749.267385827912,6,furniture/equipment,good,916641.2454968792,Doctorate,Married,0,Average,No
35,male,3,own,little,15759.23214175241,6,furniture/equipment,good,919918.9975479296,Doctorate,Married,0,Average,No
26,male,2,own,little,22711.486738324707,24,business,good,422008.1485044143,High School Diploma,Single,0,Low,No
26,female,2,own,little,150447.56088847033,48,furniture/equipment,bad,1055562.1291273746,Bachelor's Degree,Single,2,High,No
35,male,2,own,little,34997.536858206746,12,radio/TV,good,1143530.7162576157,Associates's Degree,Married,2,Low,No
31,male,3,own,little,138288.4239241245,36,car,good,487863.9391410157,Master's Degree,Married,3,High,No
47,male,2,own,little,36613.995838170726,21,car,good,311937.17832193733,Master's Degree,Married,3,High,Yes
27,male,1,own,little,17235.778226430375,9,radio/TV,good,1084517.7211247373,Doctorate,Single,1,Low,No
24,female,2,rent,little,23629.93026126941,6,radio/TV,good,691869.3483384147,High School Diploma,Married,3,Average,Yes
47,male,1,own,little,39131.62995711666,24,car,bad,170491.83139290198,Associates's Degree,Married,3,Average,No
41,male,1,own,little,13823.081380544289,12,car,bad,73652.98928415793,Associates's Degree,Married,2,High,Yes
49,male,1,own,moderate,32611.81908416985,12,education,good,69115.5933235036,Doctorate,Married,1,High,No
43,female,1,own,little,22571.955818676743,15,radio/TV,good,68460.62781241976,Bachelor's Degree,Single,3,High,Yes
30,male,2,own,quite rich,10824.89691637569,12,radio/TV,good,945643.6470432515,Doctorate,Married,0,Average,Yes
24,female,2,own,little,34864.25521594844,30,car,bad,916375.2568121292,Doctorate,Single,0,Average,Yes
27,male,1,own,little,113418.97406351408,60,radio/TV,good,747690.9584215543,Associates's Degree,Married,2,Low,Yes
26,female,2,own,moderate,36824.94871948824,18,radio/TV,good,492599.8324788394,High School Diploma,Single,1,Average,No
41,male,2,own,little,40811.77234536056,30,business,good,1027073.3459967212,High School Diploma,Married,1,High,No
31,male,2,own,little,71729.86113708004,36,radio/TV,good,470541.1540417968,High School Diploma,Single,2,High,No
42,male,2,own,little,8005.919428617473,12,radio/TV,good,777154.1131762617,High School Diploma,Single,2,High,No
38,male,3,own,little,90166.73419197297,36,car,good,989167.4863607704,Master's Degree,Married,1,High,No
37,male,2,own,rich,33007.94017309534,18,radio/TV,bad,80282.38145881749,Master's Degree,Married,2,High,No
36,male,2,own,moderate,21770.2341278804,12,car,bad,237329.26424302984,Master's Degree,Single,0,Average,No
50,female,1,own,little,16305.642456208532,6,education,good,738557.338724804,High School Diploma,Single,3,Average,No
26,male,2,own,little,21727.19610085983,24,business,good,422156.96285957645,High School Diploma,Single,0,Low,No
25,male,1,rent,rich,35912.27268987602,10,furniture/equipment,bad,1062510.878085839,Doctorate,Single,3,High,Yes
27,male,2,own,little,45860.89824805205,36,car,bad,227521.3913252288,High School Diploma,Single,3,Average,Yes
41,male,2,own,moderate,44849.350372847766,36,furniture/equipment,bad,165357.24123217503,Master's Degree,Single,2,High,Yes
40,male,3,rent,little,31467.16024946049,15,education,good,944339.5016500351,Doctorate,Married,2,Low,No
33,male,1,own,little,11655.244545392268,12,radio/TV,bad,296356.78520719847,Associates's Degree,Married,3,Low,Yes
26,male,2,own,little,79838.43088330449,27,business,good,110081.465659524,High School Diploma,Single,2,High,Yes
36,male,3,own,little,19517.915086514484,6,education,good,1017683.8123846292,Doctorate,Married,3,Average,No
23,female,1,own,little,15970.510460960131,18,car,bad,1339736.5320447327,High School Diploma,Married,3,Average,Yes
26,male,2,own,rich,20974.969368579223,18,radio/TV,bad,589416.297624205,Doctorate,Married,1,Average,Yes
49,male,1,own,little,55848.99027014338,30,radio/TV,good,625494.9406879151,Doctorate,Single,1,High,No
59,female,2,own,little,82651.5638428951,15,car,good,106093.96627942176,High School Diploma,Married,3,Low,Yes
29,male,1,own,little,37188.68748350651,24,furniture/equipment,good,82111.66480333716,Master's Degree,Single,0,High,No
29,male,2,own,little,17991.671076237566,12,radio/TV,good,58092.91878869871,Doctorate,Single,0,Average,No
22,female,2,own,little,24537.06936424367,12,radio/TV,good,32159.71388397549,High School Diploma,Single,0,Low,No
74,male,3,own,little,73285.4435898825,24,business,good,590784.8404670875,High School Diploma,Single,1,Low,No
42,male,2,own,rich,68318.73720078365,18,furniture/equipment,bad,1008158.5783490576,Doctorate,Married,2,Low,No
54,male,2,own,little,21156.55875746313,12,car,good,102279.02361069284,Master's Degree,Married,2,High,No
51,male,2,own,little,55116.68447127499,36,radio/TV,good,153112.1803010721,Associates's Degree,Single,2,High,Yes
29,male,3,rent,little,142795.9851915733,36,furniture/equipment,bad,98125.16142522891,Associates's Degree,Married,1,High,No
35,male,2,own,little,32531.69178356232,12,radio/TV,good,1189548.8114881665,Associates's Degree,Married,2,Low,No
42,male,2,own,little,8240.535539317107,12,radio/TV,good,744096.5935681735,High School Diploma,Single,2,High,No
29,male,3,rent,little,28624.797031422502,24,radio/TV,good,1018004.611668602,Associates's Degree,Single,1,Average,No
30,male,1,own,little,32780.37529174784,24,furniture/equipment,good,602041.0836035294,High School Diploma,Single,3,Average,Yes
46,male,1,rent,little,11087.618248800618,7,radio/TV,good,83983.94965706198,High School Diploma,Married,1,High,No
25,female,1,own,little,74938.3839268778,24,furniture/equipment,bad,157509.33314061016,Associates's Degree,Single,1,Low,No
45,male,3,own,little,109324.69999420887,6,car,good,1199664.5039753858,High School Diploma,Single,2,High,No
40,male,3,own,little,31353.62129671505,36,education,bad,52277.5439089163,Associate's Degree,Single,0,Average,Yes
35,male,2,free,little,51802.08547426157,12,car,bad,1434368.481373377,Associates's Degree,Single,3,Average,No
33,male,2,own,little,31138.272468152954,18,radio/TV,good,178130.61304390227,Master's Degree,Single,3,Low,No
35,male,2,own,little,62375.89620297529,24,furniture/equipment,good,1183512.0576401856,High School Diploma,Married,2,Average,No
23,female,2,rent,little,19188.38054432016,12,education,good,905681.1978689566,Associates's Degree,Single,1,Low,No
44,female,1,rent,little,29690.603671036755,12,radio/TV,good,97645.0981188886,Bachelor's Degree,Married,3,High,No
48,female,1,own,little,69431.40389530353,24,furniture/equipment,good,1137604.6602755485,Master's Degree,Single,0,Low,Yes
26,female,3,rent,moderate,72624.62577496715,30,radio/TV,good,1315132.7832221847,Master's Degree,Married,3,Average,Yes
48,male,2,own,little,19755.593251246035,9,repairs,good,85646.72118758124,Master's Degree,Single,0,High,No
46,male,2,own,little,35601.65633049496,36,furniture/equipment,good,464447.1766728253,Master's Degree,Married,3,High,No
32,male,2,own,little,35053.66516413758,24,car,good,917982.1260852426,Master's Degree,Single,1,Low,Yes
28,female,1,own,little,11358.155007584131,9,radio/TV,bad,1181612.1216340289,High School Diploma,Married,0,Low,Yes
29,female,3,own,moderate,22978.79174757401,12,business,good,25680.976944970644,High School Diploma,Single,0,Low,Yes
34,male,3,own,little,103860.14484057858,15,car,bad,486652.5241423991,High School Diploma,Single,3,Low,No
31,male,2,own,little,14550.085499218962,24,furniture/equipment,good,1427395.7465616453,High School Diploma,Single,1,High,No
20,female,2,rent,little,20165.54544305335,12,furniture/equipment,bad,62937.91856392575,Bachelor's Degree,Married,2,High,Yes
23,female,2,rent,little,38449.77765123762,30,furniture/equipment,bad,1416278.841565199,Doctorate,Single,3,Average,No
43,male,2,own,little,66076.39282161083,24,car,good,1374526.8114400546,Master's Degree,Single,3,Low,Yes
61,male,3,free,little,31549.63538117656,36,business,bad,110720.0373325808,Master's Degree,Married,2,High,Yes
32,male,3,free,little,75086.06395735232,36,car,good,215573.07459316333,Associates's Degree,Single,0,Average,No
42,male,2,free,little,21985.15501421245,6,radio/TV,good,88165.70545413982,Master's Degree,Single,0,High,Yes
67,male,2,own,little,18708.79897754204,6,radio/TV,good,46066.52113523196,Bachelor's Degree,Single,0,High,No
23,male,1,rent,moderate,29922.424749544934,18,radio/TV,good,1035171.3209412048,Doctorate,Married,1,Average,Yes
26,male,2,own,quite rich,29187.76541921768,12,radio/TV,good,560009.1273757359,Master's Degree,Married,1,High,Yes
22,female,2,own,rich,89123.08856974752,48,radio/TV,bad,92356.67621824644,Master's Degree,Married,2,High,Yes
25,male,2,own,moderate,16050.22450142084,15,furniture/equipment,good,1349754.140552464,Doctorate,Single,1,Average,No
26,female,2,own,little,36692.0254472276,18,radio/TV,good,491923.2942528551,High School Diploma,Single,1,Average,No
22,male,1,rent,little,4553.902475299255,9,car,good,356720.3549603151,Master's Degree,Married,1,Low,Yes
30,male,2,free,little,46291.13450532824,24,furniture/equipment,good,314292.7628757506,High School Diploma,Single,0,High,Yes
26,male,2,own,quite rich,31495.299065858304,12,radio/TV,good,608082.100874373,Master's Degree,Married,1,High,Yes
24,female,2,own,quite rich,49192.31157381983,18,radio/TV,bad,1207859.4852450248,Bachelor's Degree,Single,2,Low,Yes
33,female,2,own,little,29725.297453746924,24,education,good,806719.3540994384,Bachelor's Degree,Married,1,High,No
31,male,1,own,little,160878.96465021314,36,business,good,290743.7263777186,Master's Degree,Married,3,Average,No
33,male,2,rent,little,34941.54352647028,20,car,bad,1199834.6126248424,Master's Degree,Single,2,Average,No
60,male,3,own,little,99228.15447172007,20,car,good,1116729.096136146,Doctorate,Single,1,Low,Yes
35,male,3,rent,little,110327.33461815528,36,car,good,53143.54798137725,Bachelor's Degree,Single,0,Average,Yes
42,female,2,rent,little,6334.366244983066,12,radio/TV,good,67959.25029317621,Master's Degree,Single,0,High,Yes
27,male,1,own,quite rich,21342.456972066226,10,car,bad,698138.03673753,Master's Degree,Married,2,Average,No
65,female,0,own,little,18071.626223772782,18,radio/TV,good,470768.6346879274,Associates's Degree,Married,2,Low,No
38,male,3,own,little,123551.78242914878,24,car,good,1313172.7714524283,Doctorate,Single,1,Low,No
43,male,3,own,rich,37304.688377194696,27,business,good,1434373.2637930596,Master's Degree,Single,3,High,Yes
28,female,3,own,little,44548.31646727756,21,car,good,1126674.1463155686,Doctorate,Single,1,Low,No
39,male,3,own,little,181870.387570146,24,vacation/others,bad,32557.238559650614,High School Diploma,Single,0,Low,No
29,female,2,own,little,51575.938909327386,21,radio/TV,good,602127.6685894491,Doctorate,Single,1,Average,Yes
43,male,2,own,moderate,31511.75148035885,12,furniture/equipment,good,46710.44893122743,Doctorate,Single,2,Average,Yes
32,male,2,own,moderate,24363.66664714614,24,radio/TV,good,275058.695771596,Master's Degree,Married,2,Average,Yes
41,male,2,own,little,41612.43532948781,36,furniture/equipment,bad,176328.01799743954,Master's Degree,Single,2,High,Yes
26,male,1,own,little,11771.49913035008,6,car,good,57000.13147337467,Bachelor's Degree,Married,2,High,Yes
30,male,2,free,little,49433.06642960516,24,furniture/equipment,good,294220.6106510461,High School Diploma,Single,0,High,Yes
36,male,2,own,little,44851.32059513962,24,radio/TV,good,43677.55437583274,Associate's Degree,Single,0,Average,No
37,male,1,own,little,20367.400368221228,24,car,bad,616000.165112375,Bachelor's Degree,Single,1,Low,Yes
22,female,1,rent,rich,20759.161455285688,12,furniture/equipment,good,568645.9392816775,High School Diploma,Married,1,Low,Yes
25,female,2,own,moderate,55096.8083757399,18,radio/TV,good,301258.70387220697,Master's Degree,Single,1,High,No
47,male,2,free,little,82486.26374806146,24,radio/TV,good,1249901.522184376,Master's Degree,Married,1,Average,No
42,male,2,free,rich,173131.4303389301,36,car,good,1263357.0395107155,Bachelor's Degree,Single,0,High,Yes
24,male,2,own,little,146532.84167566223,36,car,bad,346411.87215272937,High School Diploma,Married,1,Low,Yes
35,male,2,own,little,66677.82291919642,24,furniture/equipment,good,1243221.5274072597,High School Diploma,Married,2,Average,No
45,male,1,own,little,5594.446255118865,12,education,good,73599.52498424104,Doctorate,Married,1,High,Yes
22,female,2,rent,rich,30534.198729759675,12,furniture/equipment,good,983079.8818960006,High School Diploma,Married,2,Average,Yes
34,male,1,own,little,28016.29977959614,6,business,good,1061961.553476509,High School Diploma,Married,1,High,Yes
35,male,2,free,little,23873.930357740788,15,radio/TV,good,958208.999636586,Doctorate,Single,0,Low,Yes
25,female,2,rent,little,20440.851844454024,12,car,bad,77221.68236066269,High School Diploma,Married,1,High,Yes
32,male,1,own,little,20751.476660719967,18,radio/TV,good,949126.0212421996,Associates's Degree,Married,2,Average,Yes
35,male,2,free,little,53856.39222984636,12,car,bad,1438640.5051101714,Associates's Degree,Single,3,Average,No
35,male,1,own,little,65623.5095054344,18,car,good,841829.6474607516,Doctorate,Married,3,Low,No
67,female,2,own,little,60321.388570544725,18,repairs,good,53350.4726584887,Doctorate,Single,0,Low,No
30,female,2,own,little,130443.73177545234,48,car,good,678669.2663679875,Master's Degree,Married,3,Average,No
31,female,2,own,little,31568.66121932044,6,radio/TV,good,760690.4943073905,Bachelor's Degree,Married,1,High,No
35,male,2,free,quite rich,22991.94137239552,15,radio/TV,good,944813.9213581118,Doctorate,Single,0,Low,Yes
47,male,2,free,little,29794.04426585253,18,furniture/equipment,good,61784.89098771173,Doctorate,Married,2,Average,Yes
60,male,2,own,moderate,31843.857546773703,24,car,good,920776.2850007386,High School Diploma,Married,1,High,No
34,male,1,free,little,62444.548050601385,48,business,bad,459070.3065219384,Bachelor's Degree,Single,3,Average,No
22,male,2,own,little,42437.13953788169,24,furniture/equipment,good,1231364.2487900616,Associates's Degree,Single,0,Average,No
52,male,2,own,little,14530.16935898386,9,education,good,24667.142760939598,High School Diploma,Single,3,High,Yes
28,male,1,rent,little,97339.77371383188,18,car,good,45390.7708326548,High School Diploma,Single,0,Average,Yes
25,male,2,own,little,33626.50963014964,9,furniture/equipment,good,1062889.6779928657,High School Diploma,Single,3,Average,No
23,female,1,own,rich,16072.117432534958,18,car,bad,1331221.1553722438,High School Diploma,Married,3,Average,Yes
32,female,1,own,little,14118.956219192967,6,car,bad,615854.0078870313,Master's Degree,Married,3,Low,No
41,female,1,own,little,3890.758197857839,6,car,good,727036.5155680128,Associates's Degree,Married,0,Low,No
31,male,3,free,little,116392.44061888708,48,vacation/others,good,933421.8520525952,Bachelor's Degree,Single,3,Average,No
34,male,1,own,little,26241.53145043993,6,business,good,1092955.7071738846,High School Diploma,Married,1,High,Yes
33,male,2,own,little,37704.12482340062,24,furniture/equipment,bad,446466.6991864046,Doctorate,Single,0,Low,Yes
32,male,3,own,little,29175.16222425424,18,radio/TV,good,1394285.641940213,Master's Degree,Married,0,Low,Yes
25,male,1,own,little,10990.721778084428,12,car,bad,1101193.4046706692,Master's Degree,Married,1,Average,Yes
26,male,2,own,little,69707.84827214823,42,radio/TV,bad,126574.3967989006,Doctorate,Married,3,Low,Yes
35,male,2,own,little,42855.76667308137,9,radio/TV,good,510942.79197135457,Bachelor's Degree,Single,3,Low,No
37,female,2,own,quite rich,33073.59226892043,24,car,good,229284.27989940607,Bachelor's Degree,Married,2,High,No
53,female,2,own,little,12923.167496266087,12,education,bad,612419.6357174237,Associates's Degree,Married,1,Average,No
64,female,2,own,moderate,21597.50807430209,10,car,good,1378713.0694939443,High School Diploma,Married,2,Low,No
32,male,1,own,little,71456.38618048515,27,furniture/equipment,good,634944.345666298,Master's Degree,Married,1,High,No
34,female,3,own,moderate,31333.82920317903,24,furniture/equipment,bad,1352561.2509336688,Master's Degree,Married,0,High,No
41,male,1,own,little,14035.779872877723,12,car,bad,72853.31336744817,Associates's Degree,Married,2,High,Yes
24,male,2,rent,little,94128.2508075747,30,car,good,64231.04134215386,Bachelor's Degree,Married,2,High,No
35,male,2,free,little,53151.37683346139,12,car,bad,1402077.4807772478,Associates's Degree,Single,3,Average,No
26,male,2,own,little,13914.726525894586,8,business,good,691247.5011299903,Doctorate,Single,0,Low,Yes
29,male,2,own,little,41894.03187881814,28,radio/TV,good,66506.73049980852,Doctorate,Married,0,High,Yes
24,female,2,rent,quite rich,19733.64385152486,15,domestic appliances,bad,227644.67299172,Bachelor's Degree,Single,1,High,Yes
65,male,2,free,moderate,39634.49307174973,18,radio/TV,bad,894285.1942003415,Master's Degree,Single,2,Low,Yes
32,male,2,rent,little,188294.07724133888,39,education,good,244466.36528832855,Master's Degree,Married,3,Low,Yes
34,male,2,own,little,39004.48898648787,7,radio/TV,good,57733.90835002383,Doctorate,Married,1,High,No
23,male,1,rent,rich,10131.32842227534,6,repairs,good,1379031.8482504294,Associates's Degree,Married,0,Average,Yes
29,male,2,free,little,32506.276785492904,12,radio/TV,bad,230854.5432340725,High School Diploma,Married,3,Low,Yes
33,female,1,own,moderate,50500.65179017428,9,car,good,609906.4442027349,Associates's Degree,Married,3,Low,No
33,male,3,rent,little,74907.69410814693,48,business,bad,184946.14798366703,High School Diploma,Married,2,Average,Yes
27,female,2,own,rich,38491.798246097074,18,radio/TV,good,1395855.519927913,Associates's Degree,Single,1,Average,No
40,female,2,rent,little,47957.164993716935,18,furniture/equipment,good,1104932.1068568318,Bachelor's Degree,Married,1,Average,Yes
49,male,1,own,little,9590.695402176056,12,car,good,1352437.020736918,Associates's Degree,Single,3,Low,No
37,male,2,own,little,20118.9410714058,10,domestic appliances,good,102636.27715287606,Doctorate,Single,0,High,Yes
32,male,2,rent,little,47666.1187098484,24,furniture/equipment,good,1156209.9394157918,Doctorate,Single,1,Average,Yes
25,female,2,own,little,18484.66905653075,9,radio/TV,good,1137444.2868723546,High School Diploma,Married,3,High,No
45,female,2,own,little,37408.61597906089,7,radio/TV,good,1284868.5957677464,Bachelor's Degree,Single,2,High,No
35,male,3,own,little,15872.380903127729,6,furniture/equipment,good,929426.7581770394,Doctorate,Married,0,Average,No
45,male,2,free,little,19540.056412897266,15,car,good,1046009.4222407088,High School Diploma,Single,2,High,Yes
29,male,2,free,little,34912.76349217282,12,radio/TV,bad,224435.4094873565,High School Diploma,Married,3,Low,Yes
22,female,2,own,little,26033.247947748037,9,radio/TV,bad,387064.8974074722,Associates's Degree,Single,2,Average,No
39,male,3,own,little,28574.73774081278,12,car,good,1389639.6753952664,High School Diploma,Married,2,Average,No
36,male,3,free,little,83991.8411890606,18,car,good,1319632.6105997085,Associates's Degree,Single,1,Average,No
24,male,2,own,little,91571.90523170232,72,radio/TV,bad,1358154.5515820673,High School Diploma,Single,3,Low,Yes
31,male,2,rent,little,48217.16223661013,24,business,bad,334765.7540080795,Doctorate,Married,0,High,No
52,female,1,own,rich,5559.551084495473,6,car,good,1415388.6232315516,Bachelor's Degree,Single,3,Average,Yes
29,female,2,own,little,52577.9991753063,21,radio/TV,good,591058.0759498122,Doctorate,Single,1,Average,Yes
28,male,2,rent,little,54749.9394899452,12,furniture/equipment,good,686176.0774391287,Doctorate,Married,0,High,Yes
28,male,2,own,quite rich,55372.22126428809,36,radio/TV,good,984712.8240803442,Master's Degree,Married,2,High,Yes
26,male,2,own,little,32889.03371519015,10,furniture/equipment,good,22021.36623434842,High School Diploma,Single,0,Low,Yes
57,female,1,own,little,19068.745070331155,24,radio/TV,good,1118079.284869395,Doctorate,Married,0,High,Yes
24,male,2,own,little,45781.68691001973,12,radio/TV,good,188060.29997412863,Doctorate,Single,0,High,Yes
28,male,2,own,little,21873.093788260827,6,car,good,109164.48075158952,Bachelor's Degree,Single,2,High,Yes
23,female,1,own,little,58407.920320490135,12,radio/TV,good,649702.5688712996,Doctorate,Single,2,High,Yes
27,male,2,own,little,97485.58129042854,40,education,bad,334376.0492258983,Bachelor's Degree,Single,1,Average,Yes
33,male,2,rent,quite rich,36583.02364416341,20,car,bad,1218585.497135928,Master's Degree,Single,2,Average,No
32,female,2,own,little,71346.28262030559,6,furniture/equipment,bad,310855.3945329623,High School Diploma,Single,1,Low,Yes
45,male,2,own,little,165787.43820150715,36,car,good,601788.4399725775,Associates's Degree,Married,0,High,Yes
28,male,2,rent,little,99062.29078735008,12,radio/TV,bad,999904.7134649864,High School Diploma,Single,2,Low,No
23,female,1,own,little,55030.09121231095,12,radio/TV,good,665332.6196639285,Doctorate,Single,2,High,Yes
53,male,2,free,little,79930.06210658685,24,car,bad,92726.79272277794,Bachelor's Degree,Married,3,High,No
39,male,1,own,little,111443.5664917186,11,car,good,46373.74940599976,High School Diploma,Single,0,Average,Yes
27,male,2,own,little,57804.208731804174,36,education,good,1054885.097273956,Doctorate,Single,2,Low,No
60,male,3,own,little,106197.47402953534,20,car,good,1118151.263970751,Doctorate,Single,1,Low,Yes
24,male,2,own,little,40701.00165808472,39,car,good,973844.4100959984,Doctorate,Single,1,Low,No
24,male,2,own,little,48357.89145921839,12,radio/TV,good,187745.90457669483,Doctorate,Single,0,High,Yes
31,male,2,own,little,22247.536977323223,6,business,good,121102.16247152054,High School Diploma,Married,0,High,Yes
27,male,1,own,little,41845.40113292378,15,furniture/equipment,good,73771.87372466862,Master's Degree,Single,0,High,No
29,male,2,own,little,42429.339023747256,20,vacation/others,good,701141.0731654539,Bachelor's Degree,Single,0,Low,No
25,male,2,own,little,34200.8621355255,9,furniture/equipment,good,1112550.6206163024,High School Diploma,Single,3,Average,No
31,female,2,own,little,111681.92148353024,48,radio/TV,bad,766648.3692577148,Bachelor's Degree,Married,0,Average,Yes
50,male,2,own,little,59343.814788168616,24,furniture/equipment,good,983369.930540576,Master's Degree,Single,0,Low,No
48,female,1,own,little,65575.69810899487,24,furniture/equipment,good,1070981.6035493924,Master's Degree,Single,0,Low,Yes
46,male,2,free,little,59277.09499615026,48,car,bad,95690.33226184218,High School Diploma,Married,1,High,No
32,male,2,free,quite rich,17091.749246710777,9,education,bad,1020618.1256054484,Master's Degree,Single,0,High,No
35,male,3,own,quite rich,56720.928574600825,18,furniture/equipment,good,301198.8567149595,Associates's Degree,Married,3,Low,Yes
41,male,2,own,little,63229.91599036047,48,radio/TV,good,259472.2426332573,Associates's Degree,Married,1,Average,Yes
35,male,3,rent,little,106948.89114523648,36,car,good,56362.61289209775,Bachelor's Degree,Single,0,Average,Yes
39,male,1,own,quite rich,6645.4404987183225,6,radio/TV,good,55191.56028696584,Bachelor's Degree,Married,2,High,Yes
50,male,2,own,rich,35105.01310587878,21,furniture/equipment,good,1261437.21518353,High School Diploma,Single,0,Average,No
36,male,2,own,little,37283.97610234277,36,radio/TV,good,143389.21437864023,Master's Degree,Married,0,High,No
37,male,1,own,quite rich,34233.528659752454,9,radio/TV,good,415316.30198652967,Associates's Degree,Married,0,Average,No
40,male,3,own,little,30671.81930494828,36,education,bad,52275.10714160072,Associate's Degree,Single,0,Average,Yes
25,male,2,own,moderate,23621.73508126789,12,radio/TV,bad,1131638.901111706,Associates's Degree,Single,2,High,No
25,male,2,own,little,34659.620482229824,9,furniture/equipment,good,1151189.8660918763,High School Diploma,Single,3,Average,No
31,male,2,own,little,48852.21655595824,18,business,good,72047.12698779893,Master's Degree,Single,1,Average,No
44,male,2,rent,little,41432.10976654432,6,radio/TV,good,69029.79591854152,Master's Degree,Single,0,High,Yes
29,female,2,own,little,50887.82939070411,21,radio/TV,good,549315.4697529144,Doctorate,Single,1,Average,Yes
23,female,2,own,moderate,31871.894013471738,18,repairs,bad,283398.6325976738,Bachelor's Degree,Married,3,High,Yes
43,male,1,own,little,116405.68065214076,24,car,good,1020156.902388228,Doctorate,Single,0,Average,No
27,male,1,own,little,12429.593290708612,14,car,good,842484.8803239405,Doctorate,Married,1,Average,Yes
38,male,2,own,little,19671.06758646025,24,radio/TV,bad,125720.1308667275,Doctorate,Single,2,Average,No
29,female,0,rent,quite rich,19709.701740070945,24,car,bad,1472004.9772142866,High School Diploma,Single,3,Low,Yes
27,male,3,own,rich,100161.01052253888,24,vacation/others,good,883165.1114289844,Doctorate,Single,3,High,Yes
36,male,2,free,little,13850.733248392313,7,radio/TV,good,1139906.0126748974,High School Diploma,Married,1,Low,No
22,female,2,rent,little,6884.569790245035,18,radio/TV,bad,611411.7578385841,Doctorate,Single,0,Low,No
41,male,2,own,little,41040.6337378913,30,business,good,1005831.4454984164,High School Diploma,Married,1,High,No
25,female,3,own,little,127312.26597078262,36,education,bad,668416.412049456,Doctorate,Married,1,Low,No
45,male,2,own,little,35266.58406014684,24,car,bad,186826.24280754803,Bachelor's Degree,Married,2,Average,No
28,male,3,rent,quite rich,150325.67080959704,36,car,bad,982508.7594446082,Doctorate,Married,0,High,No
35,male,2,own,little,89392.89696836528,36,car,good,138547.9695166027,Master's Degree,Married,3,Average,No
41,female,1,rent,little,19713.979521917165,9,education,good,1380076.1499915523,Master's Degree,Single,0,Average,No
37,male,3,own,moderate,193087.93455929472,48,radio/TV,good,1441776.7763891262,Doctorate,Married,3,Low,No
42,female,2,own,little,79605.7971871909,24,radio/TV,good,893003.9027104928,Bachelor's Degree,Single,1,High,Yes
34,female,2,own,moderate,22380.956381706903,12,radio/TV,good,198630.50308094444,Bachelor's Degree,Married,0,Average,No
31,male,2,own,little,57845.153576266166,24,radio/TV,bad,1045770.1485917502,Bachelor's Degree,Married,1,Low,Yes
28,male,1,own,little,46903.51123526423,21,car,good,50033.29194774821,Doctorate,Single,0,Low,No
35,female,2,own,quite rich,21186.275758184536,12,radio/TV,good,519344.6649093583,Bachelor's Degree,Married,0,High,Yes
31,female,3,own,little,42880.354301045954,21,car,good,542210.3057115622,High School Diploma,Single,0,Average,No
24,male,2,own,little,29608.4334254977,18,radio/TV,good,1093338.6434962,Associates's Degree,Single,1,High,Yes
28,male,2,own,little,32606.778025385403,11,business,good,683377.9650624671,High School Diploma,Single,3,Average,No
44,female,1,rent,little,29757.11615250844,12,radio/TV,good,95899.55354140706,Bachelor's Degree,Married,3,High,No
35,male,3,own,little,16285.361101097726,6,furniture/equipment,good,907085.5304690372,Doctorate,Married,0,Average,No
27,male,2,rent,little,121280.2897297596,36,business,bad,1265708.281095815,Doctorate,Married,3,Average,Yes
27,female,2,own,little,37557.51420111547,18,radio/TV,good,1327190.5224197784,Associates's Degree,Single,1,Average,No
24,male,2,own,little,142272.62631831056,36,car,bad,334083.8858305347,High School Diploma,Married,1,Low,Yes
28,male,2,own,little,15144.519049586035,12,car,bad,603219.7547557375,Bachelor's Degree,Married,2,Low,No
37,male,1,own,little,18084.69408207165,9,radio/TV,good,73427.2504509506,Associates's Degree,Married,2,High,Yes
42,male,2,free,little,159529.24722333817,36,car,good,1350268.793426942,Bachelor's Degree,Single,0,High,Yes
22,male,2,own,quite rich,24243.502430033008,15,repairs,good,360414.416044038,High School Diploma,Single,2,High,No
37,male,1,own,little,34343.0780015163,9,radio/TV,good,392289.20296358765,Associates's Degree,Married,0,Average,No
42,female,2,rent,rich,6344.680120933967,12,radio/TV,good,67385.54235917388,Master's Degree,Single,0,High,Yes
29,female,0,own,little,62308.29066772354,36,domestic appliances,good,183152.15192024744,Associates's Degree,Married,0,Average,No
23,female,2,rent,quite rich,24891.03792090577,24,radio/TV,good,987930.1814867782,Bachelor's Degree,Single,0,Average,No
31,male,3,free,little,115596.83598212898,48,vacation/others,good,862969.3816891359,Bachelor's Degree,Single,3,Average,No
19,female,1,rent,little,16219.11551579156,12,furniture/equipment,good,603972.709805866,Doctorate,Single,1,Average,Yes
49,male,2,own,little,138581.39222150217,30,furniture/equipment,bad,1414958.0305553926,Associates's Degree,Married,0,Low,Yes
26,male,2,rent,moderate,43558.83519609364,15,business,good,854199.5847936228,Associates's Degree,Married,1,Average,No
28,male,2,own,little,46951.71928534725,48,radio/TV,bad,649426.640993917,Doctorate,Married,0,Low,No
29,female,2,own,moderate,52496.69058740539,21,radio/TV,good,599230.3993473069,Doctorate,Single,1,Average,Yes
32,male,2,own,moderate,42259.75070351428,18,car,good,1216733.7694426735,Doctorate,Married,3,High,No
39,male,3,rent,little,50110.58963615453,24,furniture/equipment,bad,757549.0470906087,Master's Degree,Single,1,Low,No
27,male,2,own,little,133430.3587061977,27,car,good,98805.9530344803,Master's Degree,Married,2,High,Yes
26,male,2,rent,rich,41068.56993191072,15,business,good,845165.9278010991,Associates's Degree,Married,1,Average,No
22,male,2,own,quite rich,20806.225537484275,12,radio/TV,bad,854635.3115325534,Doctorate,Married,3,High,No
36,male,2,own,little,68777.35539089552,18,business,bad,193972.00887022188,High School Diploma,Single,2,High,Yes
34,female,3,own,little,31044.76259743766,24,furniture/equipment,bad,1389717.5274928913,Master's Degree,Married,0,High,No
25,female,3,own,moderate,129682.49098415831,36,education,bad,696457.648809015,Doctorate,Married,1,Low,No
44,male,3,rent,moderate,53820.584176608056,6,furniture/equipment,bad,1171892.396568045,Associates's Degree,Married,2,Average,No
20,male,2,rent,little,59107.50034889556,24,furniture/equipment,good,56267.95236731271,Bachelor's Degree,Single,0,Average,Yes
29,male,3,rent,little,30517.25800256255,24,radio/TV,good,1016182.2925451922,Associates's Degree,Single,1,Average,No
50,male,2,own,little,85540.691549205,27,business,bad,320077.5671607634,Bachelor's Degree,Single,0,Average,No
55,male,2,own,quite rich,22790.264175958284,12,car,good,159204.32553190007,Master's Degree,Single,2,Average,No
24,male,1,own,little,58763.41280179928,21,car,good,731246.7639395805,High School Diploma,Single,3,Average,Yes
37,male,1,own,little,18038.583411426123,9,radio/TV,good,70466.48290020411,Associates's Degree,Married,2,High,Yes
33,female,2,own,little,52478.55053355792,18,furniture/equipment,good,1490964.7038405903,Associates's Degree,Married,1,High,No
25,female,1,own,little,21249.102327008084,24,car,bad,947881.0915237163,High School Diploma,Married,0,Low,No
29,female,0,own,little,64685.19512765746,36,domestic appliances,good,193644.67270349432,Associates's Degree,Married,0,Average,No
25,male,1,own,quite rich,73231.6275082338,45,radio/TV,bad,40941.98901942882,Associate's Degree,Single,0,Average,Yes
27,male,1,own,little,19850.05935676597,10,car,bad,692473.6235318976,Master's Degree,Married,2,Average,No
44,male,2,free,little,156629.57923472192,48,car,bad,288356.3374803166,Doctorate,Single,3,High,No
57,male,2,free,little,34154.33048812969,36,car,bad,44884.3563307568,Associate's Degree,Single,0,Average,No
34,male,1,free,little,59659.13363618495,48,business,bad,459888.6215779167,Bachelor's Degree,Single,3,Average,No
24,female,2,rent,quite rich,32064.02113380912,18,furniture/equipment,bad,590015.474587794,Master's Degree,Married,3,High,Yes
36,female,2,own,little,34488.82681223571,12,car,good,1162705.073803692,Associates's Degree,Single,0,High,No
31,male,2,own,rich,50794.557465810576,24,radio/TV,good,163411.7957188959,Master's Degree,Single,2,Low,Yes
23,female,2,own,little,31799.434338361487,18,repairs,bad,293970.9920348255,Bachelor's Degree,Married,3,High,Yes
37,female,1,own,little,20802.837941723817,12,car,bad,911011.5900027596,Associates's Degree,Married,2,High,Yes
40,male,1,rent,moderate,25570.61009440252,10,car,good,1325402.9117937055,Associates's Degree,Married,3,Average,No
43,female,1,own,little,23862.508158766777,15,radio/TV,good,64393.36047559416,Bachelor's Degree,Single,3,High,Yes
42,male,1,own,rich,23919.723101076022,4,radio/TV,good,1181006.7120434393,Bachelor's Degree,Married,1,Average,No
41,male,2,own,little,40667.86929810584,30,business,good,1068342.5521999798,High School Diploma,Married,1,High,No
48,male,2,own,little,16197.095379954426,12,car,bad,106358.93440569004,Doctorate,Married,3,Low,Yes
37,male,2,own,little,167003.99444462708,48,radio/TV,good,1261830.918215206,Associates's Degree,Married,2,Average,Yes
24,female,0,rent,little,114267.40409884635,12,car,good,1221334.77377585,Doctorate,Single,0,Low,No
35,male,0,own,little,24684.39926659291,9,car,good,202848.8008097445,Bachelor's Degree,Married,2,Average,Yes
30,male,2,own,little,10391.647732893422,12,repairs,bad,79542.15390701822,Doctorate,Married,1,High,No
63,male,2,own,quite rich,45057.71141558398,24,car,good,1011537.1375514644,Associates's Degree,Married,2,Low,No
26,male,2,own,little,67842.84890357633,42,radio/TV,bad,125145.40654194215,Doctorate,Married,3,Low,Yes
35,male,2,free,quite rich,136121.61377827355,48,car,good,596784.768544841,High School Diploma,Single,3,High,Yes
54,female,2,rent,little,114591.48894820892,36,car,good,387690.5193091988,Associates's Degree,Single,1,High,No
22,male,2,free,little,49381.91271885969,24,furniture/equipment,good,1302366.6509628496,Doctorate,Single,0,Low,No
54,male,2,free,little,25042.17551622246,24,education,good,1399724.6038789337,Doctorate,Married,0,High,No
26,female,1,rent,rich,54575.64245691274,21,furniture/equipment,good,664699.8613025263,Master's Degree,Single,3,High,No
38,female,2,own,little,24985.362098229576,24,radio/TV,good,438820.05500018987,Bachelor's Degree,Single,1,Low,Yes
38,male,2,own,little,12900.656039745974,12,radio/TV,good,448836.5203893414,High School Diploma,Single,3,High,No
33,female,1,own,moderate,52231.31173739561,9,car,good,623374.710855801,Associates's Degree,Married,3,Low,No
27,male,3,free,moderate,146121.41065522557,60,radio/TV,good,383054.2238835989,Bachelor's Degree,Single,0,Low,No
45,male,3,own,little,134937.31051747847,14,car,bad,1372699.7911948874,Bachelor's Degree,Married,2,High,Yes
49,female,2,own,little,17003.743654994552,12,radio/TV,good,1002369.714092428,Doctorate,Single,3,High,Yes
24,female,2,rent,little,19353.01465203642,24,car,bad,819388.9312499737,Bachelor's Degree,Married,3,High,No
32,male,2,own,little,30692.85183713649,24,radio/TV,bad,183352.8880518626,Bachelor's Degree,Married,2,High,Yes
26,female,2,own,little,12372.874330601206,12,furniture/equipment,good,1131496.4860153508,High School Diploma,Single,2,Average,No
53,male,2,free,little,74278.43924360942,24,car,bad,90837.2678018284,Bachelor's Degree,Married,3,High,No
35,female,1,own,little,164186.44287521378,47,car,good,869973.467046629,Bachelor's Degree,Single,3,Low,Yes
58,male,2,rent,little,251486.0095993496,54,business,bad,83830.3595887647,Doctorate,Married,1,High,No
59,female,2,rent,little,98784.84111275336,48,business,bad,888588.5897408078,Doctorate,Single,2,Average,No
27,female,2,rent,little,34734.3867074095,10,furniture/equipment,good,25911.316591494346,High School Diploma,Single,0,Low,No
35,male,3,own,little,16605.637131448842,6,furniture/equipment,good,915078.0387428536,Doctorate,Married,0,Average,No
23,female,1,rent,little,53014.4748806067,24,furniture/equipment,bad,1006007.731002823,Master's Degree,Married,3,Average,Yes
38,male,2,free,little,107554.12420142576,48,business,good,474062.88702640304,Doctorate,Married,2,Average,Yes
23,male,2,rent,little,53518.48985978315,15,car,good,770934.7836442452,Master's Degree,Single,0,Low,Yes
31,male,2,own,quite rich,72400.73320076382,24,car,bad,77108.24298906565,Doctorate,Married,0,High,Yes
27,male,2,own,quite rich,130714.29108108352,24,business,bad,132930.90223286714,Associates's Degree,Married,3,Low,Yes
26,female,2,own,little,41830.16915843833,33,business,good,869995.4251768583,Associates's Degree,Single,1,High,Yes
26,male,2,own,moderate,21788.75252909988,12,car,good,1108504.9158761643,Doctorate,Married,2,High,Yes
36,male,2,own,little,36949.272279904784,36,radio/TV,good,146540.12460566175,Master's Degree,Married,0,High,No
48,female,1,own,quite rich,66205.28594842427,24,furniture/equipment,good,1094063.5691269203,Master's Degree,Single,0,Low,Yes
26,male,3,own,little,51186.14410877266,24,radio/TV,good,1118937.0854572847,Master's Degree,Married,1,High,Yes
27,female,2,own,little,54381.9546316292,48,business,good,1225597.411926145,Doctorate,Married,3,Average,Yes
57,male,1,rent,little,19894.17804774652,12,business,good,93257.91529450269,Bachelor's Degree,Married,3,High,Yes
22,male,2,own,little,31259.62071585212,24,radio/TV,bad,312862.49693674454,Doctorate,Married,2,Low,No
35,female,2,free,little,87897.27083085418,15,car,good,26825.47856557969,Associates's Degree,Married,2,Low,Yes
30,male,2,free,moderate,53745.35526664504,24,furniture/equipment,bad,233136.48601789327,Bachelor's Degree,Married,0,Average,No
30,male,2,free,little,48970.97839917895,24,furniture/equipment,good,315126.0297347288,High School Diploma,Single,0,High,Yes
34,female,2,own,little,23578.97405814147,12,radio/TV,good,191038.17553288635,Bachelor's Degree,Married,0,Average,No
54,female,2,rent,little,112845.61742554426,36,car,good,370799.6368469523,Associates's Degree,Single,1,High,No
27,male,2,own,little,40014.21624367886,36,repairs,good,244664.9073259627,Master's Degree,Single,1,High,Yes
39,male,1,own,quite rich,51881.5568442339,8,car,good,58128.06197932172,High School Diploma,Single,3,Low,Yes
23,female,2,own,moderate,31657.69718277304,18,repairs,bad,280792.5452755672,Bachelor's Degree,Married,3,High,Yes
25,male,2,own,moderate,14680.012388223451,15,furniture/equipment,good,1367347.0988931616,Doctorate,Single,1,Average,No
22,female,1,own,moderate,12628.509167632952,15,business,good,390326.22654806223,Bachelor's Degree,Married,2,Low,Yes
28,male,2,own,moderate,48886.140731579,48,radio/TV,bad,678223.1994000197,Doctorate,Married,0,Low,No
26,female,3,rent,moderate,85422.95448283033,24,car,good,1350360.3326922709,Associates's Degree,Single,3,High,Yes
26,female,2,own,little,36178.2247830514,18,radio/TV,good,489215.8271447604,High School Diploma,Single,1,Average,No
23,female,2,own,little,24091.29313313306,12,radio/TV,good,1007851.3572403808,High School Diploma,Single,0,High,No
25,female,1,own,little,43479.86571900799,15,repairs,good,429115.8056137762,High School Diploma,Single,2,Low,Yes
22,female,2,rent,little,6665.109414713805,18,radio/TV,bad,627578.0068231431,Doctorate,Single,0,Low,No
54,male,2,own,little,20146.26242368452,12,car,good,104904.34733523303,Master's Degree,Married,2,High,No
29,female,2,own,little,54783.73505297101,21,radio/TV,good,599540.2748836031,Doctorate,Single,1,Average,Yes
34,male,2,own,little,39230.86561307447,7,radio/TV,good,58723.30182087582,Doctorate,Married,1,High,No
35,male,2,own,little,66644.48316126221,24,furniture/equipment,good,1168793.308701686,High School Diploma,Married,2,Average,No
37,female,2,own,little,54624.37608794727,4,car,good,84418.27184410006,Associates's Degree,Married,3,Low,Yes
24,male,2,own,moderate,34024.93540917499,36,business,bad,200667.23773760645,Associates's Degree,Single,2,Average,No
20,female,2,rent,little,34029.774653483415,15,furniture/equipment,good,939934.8283115058,Associates's Degree,Married,3,High,Yes
43,male,3,own,little,246149.0084548419,36,vacation/others,good,61950.22894093601,Bachelor's Degree,Single,1,High,Yes
26,female,1,rent,little,55888.9314305807,21,furniture/equipment,good,703959.7078958587,Master's Degree,Single,3,High,No
28,male,2,own,little,21403.10283074877,6,car,good,111496.66942045344,Bachelor's Degree,Single,2,High,Yes
35,male,2,free,little,53082.09533445452,12,car,bad,1387879.9235199504,Associates's Degree,Single,3,Average,No
35,male,2,own,little,33705.546939055675,12,radio/TV,good,1177004.9562294,Associates's Degree,Married,2,Low,No
38,male,2,free,little,14744.343732293692,24,car,bad,1357395.048149407,Associates's Degree,Married,2,High,Yes
53,male,3,free,little,118699.47676660676,12,furniture/equipment,bad,1266873.1990210374,Associates's Degree,Single,2,Low,No
38,male,2,own,little,61784.440974193705,48,business,bad,1124184.8862597323,Bachelor's Degree,Married,3,Low,No
26,male,2,own,little,66274.55558814948,36,radio/TV,bad,350944.6785436268,Associates's Degree,Married,3,High,No
38,male,3,own,little,45986.80316034505,12,car,good,1104026.966031731,High School Diploma,Single,3,Average,No
51,male,2,free,little,44204.313975353405,24,furniture/equipment,good,1363351.5751681654,Master's Degree,Single,2,Average,No
36,female,1,own,little,25569.303324781933,21,business,good,1236763.431152338,Bachelor's Degree,Single,0,Low,Yes
46,male,2,free,moderate,101173.2485668338,48,car,bad,1160886.1456128152,High School Diploma,Married,1,Low,No
28,male,2,own,little,67970.21162587951,24,furniture/equipment,good,396533.4850876733,Doctorate,Married,2,High,Yes
22,male,2,own,little,39481.095482818666,18,furniture/equipment,bad,78264.73817741695,Master's Degree,Married,2,High,Yes
39,male,1,own,quite rich,6588.690428512632,6,radio/TV,good,55357.49494956744,Bachelor's Degree,Married,2,High,Yes
27,male,1,own,little,41054.760923332426,15,furniture/equipment,good,74658.7750396137,Master's Degree,Single,0,High,No
32,male,1,own,little,71539.41852859202,27,furniture/equipment,good,594898.5413550821,Master's Degree,Married,1,High,No
40,female,2,own,little,20254.85328188444,11,car,good,375547.7534806133,Doctorate,Married,3,Low,No
25,female,2,rent,little,19392.29209815628,12,car,bad,84629.14697224776,High School Diploma,Married,1,High,Yes
25,male,0,own,little,39742.8600156108,18,furniture/equipment,bad,486324.1551234547,Bachelor's Degree,Single,0,Low,Yes
22,male,2,own,little,37114.66445979687,18,furniture/equipment,bad,75644.7997267104,Master's Degree,Married,2,High,Yes
40,female,2,own,little,20310.360026598715,11,car,good,401473.94212462485,Doctorate,Married,3,Low,No
22,female,2,own,little,27314.50535426376,18,furniture/equipment,bad,151263.17503272352,Bachelor's Degree,Single,0,Average,No
28,female,2,own,little,28723.283268205472,18,furniture/equipment,good,826686.3917011273,Bachelor's Degree,Married,1,High,Yes
35,male,2,own,moderate,25618.337990756776,12,radio/TV,good,83177.22043428755,Master's Degree,Single,0,High,Yes
31,male,2,rent,little,49543.523614575664,24,business,bad,358994.4759170496,Doctorate,Married,0,High,No
64,female,2,own,moderate,21580.32997009793,13,radio/TV,good,486506.0585267356,Master's Degree,Single,3,Average,Yes
40,male,3,own,little,21297.71537553859,24,vacation/others,bad,425971.792809981,High School Diploma,Married,3,Average,No
49,male,2,rent,rich,93323.78091793632,12,furniture/equipment,good,1149501.352396997,Doctorate,Single,3,Average,No
33,female,2,own,quite rich,16989.303791645074,18,car,bad,1268434.786956885,Bachelor's Degree,Married,2,High,Yes
29,female,2,own,little,65117.66171507596,15,car,bad,1395386.909015315,Bachelor's Degree,Single,2,Average,No
31,male,2,own,little,44424.89497368438,18,car,bad,391152.1589190893,Associates's Degree,Married,3,Average,No
32,male,2,rent,little,46422.55135287776,24,furniture/equipment,good,1194463.4742316413,Doctorate,Single,1,Average,Yes
43,male,2,free,quite rich,20442.106480926665,24,car,bad,748682.2890737184,Doctorate,Single,3,Low,No
24,male,2,own,quite rich,46042.566195156855,12,radio/TV,good,193648.03251199756,Doctorate,Single,0,High,Yes
75,male,3,free,little,101510.89656219052,24,car,good,724547.7798929207,High School Diploma,Single,0,High,Yes
28,male,1,rent,little,94690.53657264236,18,car,good,45669.88477253766,High School Diploma,Single,0,Average,Yes
23,female,1,own,little,15766.306552266367,18,car,bad,1271926.5460582078,High School Diploma,Married,3,Average,Yes
54,female,3,rent,little,55376.230610526334,15,radio/TV,good,1312015.9149865715,High School Diploma,Married,1,High,No
21,male,1,own,little,20229.84336497595,12,furniture/equipment,good,818421.782293249,Master's Degree,Single,0,High,No
23,female,2,rent,little,6277.8504422887545,15,education,good,29566.195029810147,Associate's Degree,Single,0,Low,No
27,female,2,own,rich,19555.221011466303,18,furniture/equipment,good,43907.93289492044,Associate's Degree,Single,0,Average,No
63,male,2,own,little,24221.01615579883,15,furniture/equipment,good,1371741.73371657,High School Diploma,Single,2,Low,No
55,male,2,own,little,109252.2260126518,24,furniture/equipment,bad,442446.2079683768,Bachelor's Degree,Single,3,High,Yes
28,male,2,own,little,14446.9957644259,12,car,bad,629620.07689576,Bachelor's Degree,Married,2,Low,No
46,male,2,free,little,58872.878585946586,48,car,bad,102982.02539569304,High School Diploma,Married,1,High,No
23,female,1,own,little,31859.413857382464,13,radio/TV,good,413880.5987005257,Doctorate,Married,0,Average,Yes
24,female,2,rent,little,24191.89358008539,6,radio/TV,good,659953.040119406,High School Diploma,Married,3,Average,Yes
26,male,2,own,little,19082.727592813306,12,radio/TV,good,32330.50547204948,High School Diploma,Single,0,Low,Yes
36,male,2,own,little,27437.77056345619,15,car,good,715172.3539933267,High School Diploma,Single,1,Average,No
35,male,3,own,little,16861.37180447941,6,furniture/equipment,good,948205.8691781485,Doctorate,Married,0,Average,No
36,male,1,own,little,68235.0677395079,24,business,bad,306472.59641895536,Master's Degree,Single,3,Low,Yes
31,male,3,own,little,135888.2089511041,36,car,good,526562.0599286288,Master's Degree,Married,3,High,No
64,female,2,own,little,21103.64096699837,13,radio/TV,good,456391.9215956681,Master's Degree,Single,3,Average,Yes
27,female,2,own,little,22407.45219538408,9,business,good,580483.622605904,High School Diploma,Single,3,High,Yes
25,male,2,own,little,20420.933806110566,12,radio/TV,good,114967.09399722712,Associate's Degree,Married,0,High,No
42,male,2,own,little,55651.11028863884,36,furniture/equipment,bad,38800.06159373162,Bachelor's Degree,Single,0,Average,No
40,male,2,own,moderate,46967.8874004742,30,radio/TV,good,561575.0032795172,Bachelor's Degree,Married,3,Average,No
31,female,3,own,little,41800.001336287074,21,car,good,523519.2678741844,High School Diploma,Single,0,Average,No
23,male,1,own,little,20574.75312325885,24,car,bad,23450.817532237976,Bachelor's Degree,Single,2,Average,Yes
39,male,3,rent,little,52996.3686479464,24,furniture/equipment,bad,748637.7193186145,Master's Degree,Single,1,Low,No
33,female,2,own,little,17804.65240241865,18,furniture/equipment,bad,30680.014795647166,Bachelor's Degree,Single,3,High,Yes
29,female,2,own,quite rich,53304.24905184242,21,radio/TV,good,596254.0051415333,Doctorate,Single,1,Average,Yes
23,female,2,rent,moderate,39688.78920786936,15,car,good,962687.953357102,Associates's Degree,Married,2,Low,Yes
55,male,2,own,little,22503.652078233907,12,car,good,152874.11617817948,Master's Degree,Single,2,Average,No
26,female,2,rent,little,50416.31142645386,18,furniture/equipment,bad,86354.97092571898,Doctorate,Single,0,Average,No
63,male,3,free,little,222312.64397200727,60,car,good,800600.3141534099,Doctorate,Single,1,High,No
54,male,2,free,little,25241.68817720995,24,education,good,1425381.2075754867,Doctorate,Married,0,High,No
47,male,2,own,little,38555.33962171082,21,car,good,305685.3636706093,Master's Degree,Married,3,High,Yes
48,male,3,own,moderate,187268.1684092309,48,business,good,907117.5498749432,Bachelor's Degree,Single,0,High,Yes
57,female,1,free,little,45182.96020251756,12,education,good,1001999.1848785386,Associates's Degree,Single,1,Average,No
25,female,2,own,little,18564.869196231,9,radio/TV,good,1168688.619851712,High School Diploma,Married,3,High,No
28,female,2,rent,little,39993.44722149663,15,car,bad,643290.9868509751,Master's Degree,Married,3,High,Yes
24,male,2,own,moderate,143005.84954934457,36,car,bad,335029.03782581026,High School Diploma,Married,1,Low,Yes
26,female,2,own,little,50543.03373695018,24,radio/TV,good,131626.1259879314,High School Diploma,Single,0,High,Yes
59,female,2,own,moderate,77272.44935597919,15,car,good,100563.52059043944,High School Diploma,Married,3,Low,Yes
29,male,3,rent,little,29698.442735436147,24,radio/TV,good,1025432.3926762576,Associates's Degree,Single,1,Average,No
28,male,1,own,little,46204.23534883054,21,car,good,46184.54418877738,Doctorate,Single,0,Low,No
26,female,2,own,little,21624.14140583106,12,car,bad,935089.1316469492,Doctorate,Married,2,Average,Yes
25,male,2,own,little,32027.29427663264,9,furniture/equipment,good,1094595.5051671793,High School Diploma,Single,3,Average,No
40,male,2,own,little,25995.3434746962,24,furniture/equipment,good,855105.0472953396,Doctorate,Married,1,High,Yes
35,female,2,own,quite rich,37813.65775639406,24,radio/TV,bad,1012824.672169684,Master's Degree,Single,3,High,No
29,male,2,own,rich,41646.400783817626,20,vacation/others,good,694798.4608294187,Bachelor's Degree,Single,0,Low,No
40,male,3,own,little,60485.349140576494,30,car,good,901603.5836056886,Master's Degree,Single,0,Low,No
28,female,2,rent,little,67169.18989410132,24,car,bad,1140977.677387843,High School Diploma,Married,2,Average,No
54,male,2,free,little,24170.3415555087,24,education,good,1331082.3214519068,Doctorate,Married,0,High,No
63,male,1,own,little,24903.63292682768,12,radio/TV,good,1195862.2459654135,Master's Degree,Married,2,Average,Yes
37,male,2,own,little,20033.67213742968,10,domestic appliances,good,101313.0058283883,Doctorate,Single,0,High,Yes
27,male,1,own,rich,17376.281798327065,9,radio/TV,good,1123683.949656038,Doctorate,Single,1,Low,No
30,male,2,own,little,91638.89284093233,18,car,good,117266.33496937994,High School Diploma,Single,0,High,No
22,male,2,free,quite rich,61077.15528578881,14,car,good,143928.28985995366,Associates's Degree,Single,3,High,Yes
44,female,3,free,little,204270.9629747941,24,car,bad,28223.8516354019,Associate's Degree,Single,0,Low,Yes
25,female,1,own,little,75519.71630098452,24,furniture/equipment,bad,155849.61767625684,Associates's Degree,Single,1,Low,No
39,female,1,own,little,14393.943951391908,6,education,good,40326.53414405311,Bachelor's Degree,Married,3,Average,No
45,male,2,own,little,165209.4448359442,36,car,good,595869.2365891866,Associates's Degree,Married,0,High,Yes
28,female,3,own,little,50326.00163817484,36,furniture/equipment,bad,1089336.954803245,High School Diploma,Single,2,High,Yes
30,male,2,own,rich,9584.083616883054,12,repairs,bad,77491.4950000886,Doctorate,Married,1,High,No
39,male,2,own,little,24326.384929315336,18,radio/TV,good,41138.671216397306,Master's Degree,Married,3,High,No
28,male,2,own,little,15134.69352448866,12,car,bad,580028.1223140706,Bachelor's Degree,Married,2,Low,No
65,male,2,free,little,39009.88799090925,18,radio/TV,bad,887114.1555718827,Master's Degree,Single,2,Low,Yes
52,male,2,own,moderate,14791.623051837798,9,education,good,26432.04597249305,High School Diploma,Single,3,High,Yes
30,male,2,own,little,124027.17190489624,26,car,good,410633.1963170616,Associates's Degree,Single,2,Average,No
24,female,2,rent,rich,10632.786201153149,12,furniture/equipment,good,1111028.7688556856,High School Diploma,Married,0,Average,No
52,male,2,own,little,11550.899112056706,12,radio/TV,good,1330967.0691760248,Associates's Degree,Married,2,Average,No
39,male,2,free,moderate,20220.46974752814,15,radio/TV,bad,45377.78907212578,Doctorate,Married,3,Average,Yes
61,male,1,own,moderate,19117.72447826065,12,car,good,1151497.3437210436,Associates's Degree,Single,0,High,No
32,male,2,rent,little,187256.0664465287,39,education,good,261432.13779966743,Master's Degree,Married,3,Low,Yes
32,male,1,own,moderate,72721.68060032358,27,furniture/equipment,good,628625.6413905481,Master's Degree,Married,1,High,No
29,female,2,own,little,29628.066502676415,12,car,good,1000195.9840704252,Associates's Degree,Single,1,Average,Yes
20,male,2,rent,little,58178.86623812858,24,furniture/equipment,good,57589.70745663853,Bachelor's Degree,Single,0,Average,Yes
35,male,3,own,little,16300.670972716114,6,furniture/equipment,good,922450.4190404388,Doctorate,Married,0,Average,No
21,male,2,rent,quite rich,49626.92196378085,45,radio/TV,bad,289057.2009047404,High School Diploma,Married,1,Low,No
30,male,2,own,little,90115.96331652287,18,car,good,118256.26008593645,High School Diploma,Single,0,High,No
39,male,2,own,little,24307.106790719325,18,radio/TV,good,42105.63765168429,Master's Degree,Married,3,High,No
26,male,2,rent,little,41023.45260432082,15,business,good,844631.8379578991,Associates's Degree,Married,1,Average,No
23,female,2,rent,little,117021.07521487094,36,furniture/equipment,bad,1065817.8764133323,Master's Degree,Married,3,Low,Yes
36,female,2,own,little,15545.240808605027,18,car,good,1001064.396192602,Master's Degree,Single,1,Average,Yes
32,male,2,rent,little,188364.7787838314,39,education,good,261892.2896636429,Master's Degree,Married,3,Low,Yes
42,male,2,free,little,20649.78607307657,6,radio/TV,good,91850.43812442273,Master's Degree,Single,0,High,Yes
29,male,2,own,quite rich,78742.89112383226,36,furniture/equipment,bad,379950.2672090124,Associates's Degree,Single,3,High,Yes
22,female,2,own,rich,91943.74783637526,48,radio/TV,bad,90664.00141211571,Master's Degree,Married,2,High,Yes
36,male,3,free,little,197217.0120034925,48,car,good,723112.3842002862,Bachelor's Degree,Married,3,Average,No
34,male,2,own,little,41853.48433439319,12,furniture/equipment,good,612202.4896859836,Bachelor's Degree,Married,3,Average,No
46,female,1,own,moderate,59265.91696471093,15,car,good,1165497.0032438342,High School Diploma,Single,0,High,Yes
26,female,1,rent,little,55801.14279931693,21,furniture/equipment,good,684561.4252240418,Master's Degree,Single,3,High,No
37,female,2,rent,moderate,118149.08038489548,48,business,bad,688921.4062747518,High School Diploma,Single,2,Average,Yes
30,female,2,own,little,14923.8744942363,15,furniture/equipment,good,959400.2424758103,High School Diploma,Single,0,Low,Yes
42,male,2,free,little,169127.4875004486,36,car,good,1339144.9815447938,Bachelor's Degree,Single,0,High,Yes
43,male,2,own,little,60699.1990519005,24,car,good,1274118.364955143,Master's Degree,Single,3,Low,Yes
24,female,1,rent,little,186315.9835653504,48,car,bad,566038.8296914543,Doctorate,Single,0,Average,Yes
30,male,3,own,quite rich,27609.03887457717,24,radio/TV,bad,94848.30075421793,Bachelor's Degree,Single,1,High,Yes
49,male,2,rent,rich,93885.28559553323,12,furniture/equipment,good,1094654.770369823,Doctorate,Single,3,Average,No
54,male,2,own,moderate,47198.59181137077,48,domestic appliances,bad,1043928.8246582738,Bachelor's Degree,Single,1,Low,No
25,female,1,own,little,20485.463137148377,24,car,bad,969849.8500077556,High School Diploma,Married,0,Low,No
39,female,1,own,little,14859.412548399428,6,education,good,39633.140573762736,Bachelor's Degree,Married,3,Average,No
29,female,3,own,little,21277.409905373763,12,business,good,24918.084522501485,High School Diploma,Single,0,Low,Yes
30,male,2,own,little,128285.57668851332,26,car,good,409645.1413524967,Associates's Degree,Single,2,Average,No
46,male,2,free,little,97152.8496420188,48,car,bad,1216177.207593955,High School Diploma,Married,1,Low,No
35,male,0,own,quite rich,23776.328985118154,9,car,good,208784.8595946353,Bachelor's Degree,Married,2,Average,Yes
23,female,0,rent,little,60526.98407523663,24,radio/TV,good,515232.6609107662,Bachelor's Degree,Married,2,Average,Yes
36,male,2,own,little,33996.93971641259,30,car,good,480626.8093735854,High School Diploma,Single,3,Low,Yes
23,female,2,rent,moderate,24966.79636335347,24,radio/TV,good,932512.3397366896,Bachelor's Degree,Single,0,Average,No
48,male,2,own,little,32955.95025369849,9,car,good,58669.221281738726,Bachelor's Degree,Married,2,High,No
35,male,1,own,moderate,41250.12211610882,24,radio/TV,good,575206.6645200236,Associates's Degree,Married,1,High,No
25,male,2,own,little,32380.355413573565,9,furniture/equipment,good,1053503.4589400738,High School Diploma,Single,3,Average,No
37,male,1,own,little,30555.739271302657,12,furniture/equipment,bad,60048.704722725946,Bachelor's Degree,Single,0,Low,Yes
32,male,1,own,little,20964.75542968653,18,radio/TV,good,912735.3763451596,Associates's Degree,Married,2,Average,Yes
31,male,2,own,quite rich,79481.47942701977,24,car,bad,83305.62871426526,Doctorate,Married,0,High,Yes
21,male,1,rent,moderate,32232.516501968246,24,radio/TV,bad,764922.523015393,Bachelor's Degree,Married,0,High,Yes
54,male,2,own,moderate,10961.28916783599,24,car,good,999215.8322628612,High School Diploma,Single,0,High,Yes
24,male,2,own,little,157325.12536280864,36,car,bad,449710.1671739989,Master's Degree,Single,3,Average,No
26,male,2,own,little,69140.09223176228,36,radio/TV,bad,355526.9094441153,Associates's Degree,Married,3,High,No
36,male,3,own,little,35728.50984132624,12,car,good,53876.8637852399,Bachelor's Degree,Married,2,High,Yes
57,female,1,own,little,20466.052702608995,24,radio/TV,good,1047122.0712758496,Doctorate,Married,0,High,Yes
40,male,2,own,rich,42163.75434133193,22,radio/TV,good,1330318.636857952,Master's Degree,Married,3,Low,No
27,male,3,own,little,52830.928765991564,27,radio/TV,good,58698.25982991486,Bachelor's Degree,Single,0,Average,No
23,male,2,rent,little,19713.641026087986,12,radio/TV,good,460371.2825576808,Doctorate,Single,3,High,Yes
36,male,2,own,little,22283.723332084584,12,car,bad,232664.974389512,Master's Degree,Single,0,Average,No
40,male,3,own,little,30661.310946331465,36,education,bad,49580.41413752128,Associate's Degree,Single,0,Average,Yes
50,male,2,own,little,23701.842587233183,24,business,good,385576.8095717632,Doctorate,Single,0,High,No
29,female,2,own,little,11005.44073511538,6,radio/TV,good,680583.891505512,High School Diploma,Married,1,High,Yes
39,male,3,own,little,29046.124380165267,12,car,good,1356839.4961195486,High School Diploma,Married,2,Average,No
24,female,2,rent,quite rich,65381.46103292405,48,business,bad,127183.64981261716,Bachelor's Degree,Married,0,High,No
45,male,1,own,little,5150.524346678725,12,education,good,76635.82054180754,Doctorate,Married,1,High,Yes
23,male,1,own,little,20155.58923111169,24,car,bad,23390.87559804003,Bachelor's Degree,Single,2,Average,Yes
42,male,2,free,little,168961.1518802468,36,car,good,1291230.0933968986,Bachelor's Degree,Single,0,High,Yes
28,male,2,own,little,155009.59172141438,36,business,bad,988660.0879863552,Bachelor's Degree,Married,0,Low,Yes
25,female,2,own,little,29605.335133494144,21,radio/TV,bad,78955.857855286,Master's Degree,Single,0,High,Yes
53,male,2,own,little,40056.03247366421,24,radio/TV,good,77186.41352847,Doctorate,Married,1,High,Yes
21,female,2,own,little,152904.06822048995,60,radio/TV,good,91150.21902974532,Bachelor's Degree,Married,1,High,No
37,female,2,rent,little,124017.9881494543,48,business,bad,674640.1377116694,High School Diploma,Single,2,Average,Yes
21,male,2,rent,quite rich,49800.76954695346,45,radio/TV,bad,291567.5155837433,High School Diploma,Married,1,Low,No
38,male,2,own,little,30662.59500573096,10,radio/TV,good,78054.15151868301,Doctorate,Married,1,High,Yes
32,male,1,own,little,19513.49421871177,18,radio/TV,good,931343.2116523124,Associates's Degree,Married,2,Average,Yes
43,female,1,own,little,23511.85265293976,24,radio/TV,good,457023.79702265817,Bachelor's Degree,Married,1,High,Yes
23,female,0,rent,little,57270.19120208884,24,radio/TV,good,518438.443635301,Bachelor's Degree,Married,2,Average,Yes
35,male,3,own,little,15813.09321221955,6,furniture/equipment,good,932450.8151536004,Doctorate,Married,0,Average,No
46,male,1,rent,little,11444.962292719028,7,radio/TV,good,91887.0441193484,High School Diploma,Married,1,High,No
68,male,0,free,quite rich,18404.614401273066,16,car,good,33728.38489723335,High School Diploma,Married,2,High,No
58,male,2,rent,little,242430.7691591887,54,business,bad,79729.302986407,Doctorate,Married,1,High,No
31,male,3,rent,little,30286.34505392499,12,radio/TV,good,313068.630474887,Master's Degree,Married,3,Low,No
26,female,1,own,little,17002.848997665453,18,radio/TV,good,1149266.5060226095,Bachelor's Degree,Married,0,High,No
37,female,2,rent,little,22818.7755570679,12,furniture/equipment,good,1222880.3184386552,Bachelor's Degree,Single,1,High,Yes
22,male,2,own,moderate,22183.486137129352,9,radio/TV,bad,224719.8673145489,Bachelor's Degree,Single,1,High,No
20,female,2,own,little,25542.908713366334,11,furniture/equipment,good,326898.8374151437,Master's Degree,Married,1,High,No
26,male,2,rent,little,36894.207633886,12,car,good,130847.40082524046,Bachelor's Degree,Married,0,High,No
31,male,3,rent,little,29773.37847837307,12,radio/TV,good,312482.0441587355,Master's Degree,Married,3,Low,No
26,female,2,own,little,154633.88799010482,48,furniture/equipment,bad,1108130.4275751791,Bachelor's Degree,Single,2,High,No
28,male,2,own,little,29537.47278315906,18,business,good,1251498.162740694,Bachelor's Degree,Single,1,Average,Yes
41,male,2,own,little,31735.934243982247,6,furniture/equipment,good,216812.2517452834,Bachelor's Degree,Single,2,Average,Yes
23,female,2,rent,quite rich,116742.3449962204,36,furniture/equipment,bad,1062093.4814257952,Master's Degree,Married,3,Low,Yes
31,female,3,own,little,43609.248017704806,21,car,good,552368.0738540839,High School Diploma,Single,0,Average,No
22,male,2,own,little,23044.534128772168,9,radio/TV,bad,232258.8713215288,Bachelor's Degree,Single,1,High,No
45,male,2,free,little,120827.5037961656,42,furniture/equipment,good,107000.25136692582,High School Diploma,Single,0,High,No
39,male,2,own,little,37703.64099834995,36,radio/TV,good,118209.5739391994,High School Diploma,Married,0,High,Yes
22,female,1,rent,little,20243.33992546024,12,furniture/equipment,good,551531.6255254479,High School Diploma,Married,1,Low,Yes
29,male,3,rent,little,140402.29870101763,36,furniture/equipment,bad,102549.31360775474,Associates's Degree,Married,1,High,No
21,female,2,rent,little,17132.760517498882,18,radio/TV,good,869229.0293461968,Doctorate,Married,1,High,No
23,female,2,rent,moderate,23889.327814145214,24,radio/TV,good,914818.4923470572,Bachelor's Degree,Single,0,Average,No
26,male,2,own,little,85360.3762221277,21,car,good,985247.9930533224,High School Diploma,Married,1,Low,No
39,male,3,free,little,50504.06394672861,36,car,good,1420108.7536360938,Doctorate,Single,1,Average,Yes
36,male,2,own,little,67321.12659917108,18,business,bad,186236.8804444754,High School Diploma,Single,2,High,Yes
23,female,2,rent,little,38571.56995117309,30,furniture/equipment,bad,1432875.6443591437,Doctorate,Single,3,Average,No
31,male,3,own,little,144398.82336951856,36,car,good,512820.4640106484,Master's Degree,Married,3,High,No
24,female,2,own,little,32354.83981685105,30,car,bad,936402.3478436536,Doctorate,Single,0,Average,Yes
32,male,2,rent,little,176952.13053360628,39,education,good,265016.65514395805,Master's Degree,Married,3,Low,Yes
28,male,1,rent,little,101567.64037682649,18,car,good,45318.86337787735,High School Diploma,Single,0,Average,Yes
67,male,2,own,little,17649.967405327647,6,radio/TV,good,44131.3509495402,Bachelor's Degree,Single,0,High,No
43,male,2,own,little,65704.02273043671,24,furniture/equipment,bad,1177714.1462504433,Associates's Degree,Married,0,Low,Yes
45,male,2,own,little,169821.55147906358,36,car,good,653976.3687143611,Associates's Degree,Married,0,High,Yes
22,male,2,own,little,24320.386759148783,9,radio/TV,bad,220222.04754274685,Bachelor's Degree,Single,1,High,No
48,male,2,own,moderate,21072.7106319316,9,repairs,good,80775.70053760275,Master's Degree,Single,0,High,No
36,male,2,rent,rich,120511.8820428318,60,business,bad,307357.89751910546,Associates's Degree,Married,2,High,No
20,female,2,own,quite rich,30426.278699111528,24,radio/TV,good,1410972.344389553,Associates's Degree,Single,2,Low,Yes
21,female,2,own,little,14490.169472027465,12,radio/TV,good,1212899.0478066923,High School Diploma,Married,1,Average,Yes
23,female,2,rent,rich,25533.4028586408,24,radio/TV,good,938133.3311681794,Bachelor's Degree,Single,0,Average,No
37,female,2,own,little,54747.901620743294,4,car,good,88322.79846866899,Associates's Degree,Married,3,Low,Yes
31,male,2,own,little,15353.271322178676,24,furniture/equipment,good,1401873.4080588438,High School Diploma,Single,1,High,No
28,male,2,rent,moderate,55866.35928855945,12,furniture/equipment,good,737357.1400280107,Doctorate,Married,0,High,Yes
33,male,2,own,little,24416.01093176213,6,furniture/equipment,good,1035613.7773359524,Associates's Degree,Married,3,High,Yes
61,male,2,own,little,23693.525853071227,15,repairs,bad,1179229.2464721464,High School Diploma,Single,0,High,Yes
47,male,1,own,little,20591.337040133327,15,radio/TV,good,378493.7188664498,Bachelor's Degree,Single,0,Average,Yes
28,male,2,own,little,14160.242150132735,12,car,bad,585784.2897829078,Bachelor's Degree,Married,2,Low,No
22,male,2,own,little,24013.73877753344,9,radio/TV,bad,216816.28580367143,Bachelor's Degree,Single,1,High,No
40,male,3,own,rich,29785.64869851838,36,education,bad,50113.802468868766,Associate's Degree,Single,0,Average,Yes
30,male,2,free,little,54291.62872747202,24,furniture/equipment,bad,227384.14936720388,Bachelor's Degree,Married,0,Average,No
41,male,2,own,moderate,63928.20880977563,48,radio/TV,good,265195.3239971484,Associates's Degree,Married,1,Average,Yes
44,male,2,free,moderate,88893.18925213274,24,repairs,good,567010.4169914338,Bachelor's Degree,Married,3,High,Yes
51,male,2,free,little,45708.16111759949,24,furniture/equipment,good,1372333.7577405472,Master's Degree,Single,2,Average,No
30,female,2,own,little,119900.47857836063,24,furniture/equipment,good,95535.82319931326,Master's Degree,Single,0,High,No
38,male,2,own,little,59910.94756328735,48,business,bad,1161716.0837035277,Bachelor's Degree,Married,3,Low,No
42,female,2,own,little,76756.71335907096,24,radio/TV,good,926308.7634368112,Bachelor's Degree,Single,1,High,Yes
29,female,2,own,little,30374.602045508265,12,car,good,1059236.5413981203,Associates's Degree,Single,1,Average,Yes
46,male,2,own,little,21719.993750488517,6,car,good,873523.5474420383,Bachelor's Degree,Married,3,Low,Yes
39,male,2,own,little,37578.71251352272,36,radio/TV,good,111405.83583046772,High School Diploma,Married,0,High,Yes
21,male,1,own,little,21133.299762267037,12,furniture/equipment,good,827402.1238083092,Master's Degree,Single,0,High,No
33,female,1,own,moderate,50677.98696485514,9,car,good,614828.1259946905,Associates's Degree,Married,3,Low,No
24,male,1,own,little,56962.57873955905,21,car,good,720347.3850859009,High School Diploma,Single,3,Average,Yes
22,female,2,own,little,26949.53183099347,9,radio/TV,bad,368738.89199680847,Associates's Degree,Single,2,Average,No
25,male,1,own,little,11276.397901934595,12,car,bad,1046578.9893367294,Master's Degree,Married,1,Average,Yes
23,female,2,own,rich,7026.792898125753,6,education,bad,916267.6495395458,High School Diploma,Single,2,High,Yes
23,female,0,rent,little,21422.89103982974,6,car,good,28763.630982090337,Associate's Degree,Single,0,Low,No
54,female,2,rent,little,122523.9358890124,36,car,good,395095.1241080157,Associates's Degree,Single,1,High,No
29,female,0,own,little,62304.5101097955,36,domestic appliances,good,185851.34356723615,Associates's Degree,Married,0,Average,No
28,male,2,free,little,51432.71113093011,15,furniture/equipment,good,1413095.0024696116,Doctorate,Married,2,Low,No
29,female,0,own,little,64426.46088090895,36,domestic appliances,good,188213.1938335233,Associates's Degree,Married,0,Average,No
23,female,2,rent,moderate,134094.79281513864,18,education,good,787103.672893613,Master's Degree,Married,3,High,Yes
25,male,2,own,little,20862.294562604115,12,radio/TV,good,107086.17707345547,Associate's Degree,Married,0,High,No
29,male,3,rent,little,28965.999475532462,24,radio/TV,good,1091807.333219084,Associates's Degree,Single,1,Average,No
24,female,2,own,little,69532.81718266493,20,furniture/equipment,good,1198875.963618235,High School Diploma,Married,3,Low,No
37,male,2,free,little,35719.10091632656,12,radio/TV,good,51834.69673853458,Bachelor's Degree,Single,3,Average,Yes
33,female,2,own,little,51717.50104338531,18,furniture/equipment,good,1385427.0992343123,Associates's Degree,Married,1,High,No
28,male,2,own,moderate,46520.96838146127,48,radio/TV,bad,678293.8538714363,Doctorate,Married,0,Low,No
34,male,1,free,little,58162.619951741646,48,business,bad,442742.6573072371,Bachelor's Degree,Single,3,Average,No
31,female,2,own,little,108411.8991131455,48,radio/TV,bad,733351.4168775297,Bachelor's Degree,Married,0,Average,Yes
26,male,2,own,little,83401.83387360732,21,car,good,908177.3226947162,High School Diploma,Married,1,Low,No
25,female,1,own,little,21823.659585545836,24,car,bad,928609.5985517948,High School Diploma,Married,0,Low,No
57,male,2,free,little,35990.286647863155,36,car,bad,43594.613718901455,Associate's Degree,Single,0,Average,No
30,female,3,own,quite rich,107393.2696411447,42,radio/TV,bad,117795.81705806256,Associate's Degree,Married,0,High,No
22,female,2,rent,little,28012.914974018768,12,furniture/equipment,good,1044441.3594855268,High School Diploma,Married,2,Average,Yes
30,female,2,own,little,131892.09400139665,48,car,good,679319.5255618262,Master's Degree,Married,3,Average,No
22,male,2,own,moderate,20759.102800855795,12,radio/TV,bad,867141.6075405938,Doctorate,Married,3,High,No
25,female,2,rent,little,23059.289156786803,15,furniture/equipment,good,1171778.3616617152,Master's Degree,Single,2,Average,Yes
30,male,2,free,little,51217.771119003744,24,furniture/equipment,bad,235935.86967029228,Bachelor's Degree,Married,0,Average,No
29,female,0,own,little,63780.79042998343,36,domestic appliances,good,192027.3440659162,Associates's Degree,Married,0,Average,No
34,male,2,own,little,36931.96753480074,7,radio/TV,good,59720.15687768064,Doctorate,Married,1,High,No
61,male,3,free,little,31141.284664334053,36,business,bad,106691.97477603874,Master's Degree,Married,2,High,Yes
28,female,2,rent,little,41608.23583601897,24,car,good,1012480.0830196476,High School Diploma,Single,0,Low,Yes
29,male,2,own,little,17262.06170097737,12,radio/TV,good,60101.19686701487,Doctorate,Single,0,Average,No
28,female,2,rent,little,65597.01276539681,24,car,bad,1129102.2941567805,High School Diploma,Married,2,Average,No
47,male,2,free,little,126767.54891802784,36,car,bad,1063761.0753879333,High School Diploma,Married,1,Average,Yes
44,male,2,rent,little,43538.10349379634,6,radio/TV,good,72973.0552629793,Master's Degree,Single,0,High,Yes
28,female,2,rent,rich,40123.00483688397,24,car,good,1086957.0971045203,High School Diploma,Single,0,Low,Yes
45,male,3,own,little,133917.4280338963,39,car,good,1234615.8803029235,High School Diploma,Single,2,Average,Yes
47,male,2,own,little,36290.35401322214,21,car,good,309435.0934561483,Master's Degree,Married,3,High,Yes
31,male,1,own,little,50788.23947341936,30,furniture/equipment,bad,1391867.2301380553,Bachelor's Degree,Single,1,High,Yes
55,female,3,own,little,22809.4861580524,12,furniture/equipment,good,408195.1565187043,Bachelor's Degree,Single,0,Low,No
27,female,2,rent,little,14471.954867765768,12,furniture/equipment,bad,892051.0385189912,Master's Degree,Single,3,Average,Yes
31,male,2,own,moderate,47743.9279275154,18,business,good,71747.95533067224,Master's Degree,Single,1,Average,No
37,female,2,own,little,19709.725297345594,24,car,good,966120.5526733414,Master's Degree,Married,2,High,Yes
25,male,1,own,little,10770.15110155803,12,car,bad,1056483.1301356875,Master's Degree,Married,1,Average,Yes
52,male,1,own,little,36373.98072729466,10,radio/TV,good,111710.05739708428,Associate's Degree,Married,0,High,Yes
36,male,2,own,little,38577.4080272248,36,radio/TV,good,147711.46753818082,Master's Degree,Married,0,High,No
64,male,1,own,rich,61371.151531434334,9,education,good,924163.5064430817,Associates's Degree,Single,3,Average,No
45,male,3,own,little,104005.83431132404,6,car,good,1168154.5906133186,High School Diploma,Single,2,High,No
26,male,2,rent,little,42476.8337188779,15,business,good,806634.7655328882,Associates's Degree,Married,1,Average,No
31,male,1,own,little,155438.38784832455,36,business,good,284247.5099246289,Master's Degree,Married,3,Average,No
54,male,3,own,quite rich,74687.00352000917,24,business,bad,103090.52349940072,Master's Degree,Single,0,High,Yes
46,male,3,own,little,124997.9004348985,48,business,good,887917.2731566114,Master's Degree,Single,0,Average,No
24,female,2,own,little,138340.6980779489,48,car,good,82743.0085272536,Doctorate,Single,0,High,Yes
56,female,2,own,little,23904.48259951784,6,education,good,573932.3361461713,Doctorate,Married,1,Low,Yes
20,female,2,own,little,24840.67609901664,11,furniture/equipment,good,328617.8668604186,Master's Degree,Married,1,High,No
36,male,2,own,little,50048.433118517794,36,car,good,1098383.8907911398,High School Diploma,Married,2,Average,Yes
32,male,2,rent,little,189862.1819738967,39,education,good,252824.4449745522,Master's Degree,Married,3,Low,Yes
57,male,1,own,quite rich,11023.583948450989,12,radio/TV,bad,607764.075223601,Doctorate,Married,2,Low,No
43,male,2,own,little,33513.10531005805,24,car,good,258994.6924353523,Associates's Degree,Married,1,High,No
25,male,1,own,rich,71850.23530030198,45,radio/TV,bad,38561.72742701352,Associate's Degree,Single,0,Average,Yes
22,male,2,own,moderate,21653.75756371178,12,radio/TV,bad,868775.5627258266,Doctorate,Married,3,High,No
25,female,2,rent,little,22429.175521454694,24,car,bad,1180099.8989892611,Bachelor's Degree,Married,3,High,Yes
23,female,0,rent,little,58375.03860485364,24,radio/TV,good,533729.1458689444,Bachelor's Degree,Married,2,Average,Yes
30,male,2,free,little,47404.21674951583,24,furniture/equipment,good,316208.1161443688,High School Diploma,Single,0,High,Yes
25,female,2,own,little,44145.60716879675,12,furniture/equipment,bad,53353.6220035653,High School Diploma,Single,0,Low,No
37,male,2,own,moderate,57477.16796657463,36,car,good,498022.08585491177,Associates's Degree,Married,2,Low,Yes
22,female,1,rent,little,20358.091764781453,12,furniture/equipment,good,561097.7812171457,High School Diploma,Married,1,Low,Yes
28,male,3,own,quite rich,67308.81966126086,30,car,bad,174902.01498394206,High School Diploma,Single,0,Low,No
48,male,2,own,little,16288.572723624977,12,car,bad,98922.4278885965,Doctorate,Married,3,Low,Yes
30,male,2,own,quite rich,11642.9628778943,12,radio/TV,good,1012243.8557437244,Doctorate,Married,0,Average,Yes
41,male,2,own,little,64106.90501677804,48,radio/TV,good,268328.4620197455,Associates's Degree,Married,1,Average,Yes
52,male,2,own,little,35832.96613177689,24,radio/TV,good,234798.2730857849,Doctorate,Single,3,High,Yes
36,male,2,own,little,36108.249697409374,36,radio/TV,good,150297.6606725162,Master's Degree,Married,0,High,No
58,male,2,rent,little,253965.1797090712,54,business,bad,77363.686689971,Doctorate,Married,1,High,No
66,female,1,own,little,13040.37343488692,9,radio/TV,good,681057.8895322991,High School Diploma,Single,1,Low,Yes
51,male,2,own,rich,76503.142494222,11,radio/TV,good,85303.1024941135,Doctorate,Married,1,High,No
34,male,1,own,little,30948.901357007988,6,radio/TV,good,24541.1546503499,High School Diploma,Single,0,Low,No
33,male,2,own,moderate,38806.80064450211,24,furniture/equipment,bad,465048.252812446,Doctorate,Single,0,Low,Yes
37,female,2,own,little,53908.99701077247,4,car,good,84844.80435375242,Associates's Degree,Married,3,Low,Yes
33,male,2,own,little,24398.54428691634,6,furniture/equipment,good,1073172.768287466,Associates's Degree,Married,3,High,Yes
38,male,3,own,moderate,90135.69631481134,36,car,good,1092538.710775915,Master's Degree,Married,1,High,No
27,female,2,own,rich,19493.71592694716,18,furniture/equipment,good,40790.665696521806,Associate's Degree,Single,0,Average,No
23,female,1,own,little,34425.5820047068,13,radio/TV,good,405077.8187042887,Doctorate,Married,0,Average,Yes
26,male,2,own,little,32905.962465581055,10,furniture/equipment,good,22339.892366340784,High School Diploma,Single,0,Low,Yes
66,female,1,own,moderate,12807.089034219644,9,radio/TV,good,642777.0884347282,High School Diploma,Single,1,Low,Yes
42,male,2,own,moderate,38446.05927238909,18,business,good,1116380.606664172,Master's Degree,Single,0,Average,No
42,female,2,own,little,61730.25712763214,36,radio/TV,bad,322807.5889006698,Master's Degree,Single,2,High,Yes
42,male,2,own,little,40861.1428361529,12,furniture/equipment,good,409081.3876500817,Associates's Degree,Single,0,High,No
46,male,3,own,rich,40018.15466848445,21,car,good,690255.1759054887,High School Diploma,Single,0,High,Yes
39,female,1,own,little,15171.848514583466,6,education,good,39486.30673547256,Bachelor's Degree,Married,3,Average,No
31,male,2,own,little,89023.13230046684,36,business,good,51995.19320442241,High School Diploma,Married,0,Low,Yes
26,female,2,rent,little,44127.75563881732,24,car,good,1323720.313302448,Doctorate,Single,0,Low,No
47,male,2,own,moderate,36617.80728411316,21,car,good,290409.1603355145,Master's Degree,Married,3,High,Yes
22,female,1,rent,little,19287.872236094696,12,furniture/equipment,good,540061.0802599537,High School Diploma,Married,1,Low,Yes
24,female,2,rent,little,20360.29929375232,15,domestic appliances,bad,233986.27549614955,Bachelor's Degree,Single,1,High,Yes
28,male,2,own,little,19811.3002086071,24,car,good,403618.772452964,Master's Degree,Single,2,High,Yes
48,male,2,own,little,21148.130266799468,9,repairs,good,79258.43754460332,Master's Degree,Single,0,High,No
28,male,2,own,little,39927.96428455577,18,furniture/equipment,good,1409795.0735988652,Master's Degree,Married,1,High,Yes
35,male,2,own,moderate,32060.898957006066,15,radio/TV,good,1291924.6259056618,Doctorate,Single,0,Average,Yes
44,male,2,own,little,17821.949306741786,12,car,good,912723.1184081454,Associates's Degree,Married,2,Low,No
28,male,2,own,little,11828.174837460188,12,radio/TV,good,1417578.1099994208,Associates's Degree,Married,0,High,Yes
34,male,3,own,quite rich,24249.804966066604,21,furniture/equipment,good,185723.90517504985,High School Diploma,Married,0,High,Yes
25,female,2,own,moderate,18844.492323677867,9,radio/TV,good,1109632.8739388282,High School Diploma,Married,3,High,No
25,female,2,rent,little,21709.25129878632,15,furniture/equipment,good,1114206.0277677584,Master's Degree,Single,2,Average,Yes
25,female,2,own,little,18799.2166708839,9,radio/TV,good,1152189.8465837685,High School Diploma,Married,3,High,No
41,male,2,own,little,98658.25619057172,18,furniture/equipment,good,1046554.0997443117,Master's Degree,Married,1,Average,No
33,female,2,own,little,30437.41465950473,24,education,good,832564.1243362416,Bachelor's Degree,Married,1,High,No
23,female,1,own,rich,15272.368838931245,18,car,bad,1259555.1425236445,High School Diploma,Married,3,Average,Yes
26,female,2,own,moderate,38001.22730858024,18,radio/TV,good,467669.686682572,High School Diploma,Single,1,Average,No
55,male,2,own,quite rich,22851.66717217772,12,car,good,159635.98807593485,Master's Degree,Single,2,Average,No
28,male,2,own,little,43886.153771068246,18,furniture/equipment,good,1443109.142229036,Master's Degree,Married,1,High,Yes
30,male,2,free,little,45294.39926743636,36,car,good,256947.5173409614,Associates's Degree,Single,1,Average,No
28,female,2,rent,rich,42649.54250995856,24,car,good,1066848.544861265,High School Diploma,Single,0,Low,Yes
33,female,2,own,little,46294.63373322381,30,radio/TV,good,66685.42849490551,Doctorate,Married,3,Low,Yes
40,female,2,own,little,20953.97123748049,11,car,good,371611.6884672315,Doctorate,Married,3,Low,No
45,male,1,own,moderate,59944.327219949046,28,car,bad,1209961.7082844854,Associates's Degree,Married,1,Low,Yes
30,male,3,own,moderate,35779.744919492085,30,radio/TV,good,124118.42332504848,Bachelor's Degree,Married,0,High,No
37,female,2,own,little,52703.39579916327,4,car,good,85862.41873653216,Associates's Degree,Married,3,Low,Yes
65,male,0,own,little,55506.73715898936,42,repairs,good,1168783.476304697,Master's Degree,Married,0,Low,Yes
21,male,2,own,little,252888.65758145225,60,radio/TV,good,821833.8526167686,Master's Degree,Married,1,Low,Yes
52,male,2,own,little,5416.957941454923,6,radio/TV,good,1358171.7583301151,Associates's Degree,Married,0,Average,Yes
49,male,2,rent,rich,88391.42827949015,12,furniture/equipment,good,1097349.497523914,Doctorate,Single,3,Average,No
30,male,2,own,moderate,69690.03239690274,15,car,good,235410.00212163525,Master's Degree,Single,1,High,No
46,male,2,own,little,24005.677621506955,18,radio/TV,good,66188.68495362582,Bachelor's Degree,Married,2,High,Yes
50,male,2,own,little,83407.66611034625,27,business,bad,296675.7092984321,Bachelor's Degree,Single,0,Average,No
24,female,0,rent,little,116597.29900077352,12,car,good,1204681.2464904774,Doctorate,Single,0,Low,No
26,female,2,rent,little,50182.16481057788,18,furniture/equipment,bad,85527.55328027811,Doctorate,Single,0,Average,No
32,male,2,own,moderate,68795.67265861334,30,furniture/equipment,good,413177.3441404718,Bachelor's Degree,Married,1,Low,Yes
47,male,2,own,little,55044.40436189034,18,furniture/equipment,good,1020041.6749030187,High School Diploma,Married,3,Low,Yes
22,male,2,own,little,40099.85021131277,18,furniture/equipment,bad,74474.67045066835,Master's Degree,Married,2,High,Yes
39,male,3,own,moderate,105448.13425351142,18,car,bad,53602.04151021693,Associate's Degree,Single,0,Average,No
21,female,2,rent,little,41571.10435275781,27,car,bad,549933.6534908415,Doctorate,Married,3,High,Yes
20,female,2,rent,little,19343.77760894555,12,furniture/equipment,bad,62142.0798651049,Bachelor's Degree,Married,2,High,Yes
30,male,2,own,little,128496.51124977798,26,car,good,432636.361725344,Associates's Degree,Single,2,Average,No
40,male,3,own,little,30435.190876175257,36,education,bad,50901.34975040987,Associate's Degree,Single,0,Average,Yes
36,male,2,own,little,21998.059677291552,12,car,bad,229264.558350176,Master's Degree,Single,0,Average,No
28,male,2,own,little,42466.69967084895,18,furniture/equipment,good,1435232.5709703723,Master's Degree,Married,1,High,Yes
35,male,3,own,little,61856.98459775272,18,furniture/equipment,good,294029.6117691126,Associates's Degree,Married,3,Low,Yes
45,male,2,free,little,124360.7664375111,42,furniture/equipment,good,112170.1318446329,High School Diploma,Single,0,High,No
38,male,2,free,little,102804.91473507772,48,business,good,457303.7364496731,Doctorate,Married,2,Average,Yes
32,male,2,own,little,112636.3379043882,48,radio/TV,good,1329287.887181376,Doctorate,Married,0,Average,No
49,male,1,own,little,10358.6240870957,12,car,good,1425384.394268728,Associates's Degree,Single,3,Low,No
38,male,2,own,little,18274.69075888844,24,radio/TV,bad,132258.3403372935,Doctorate,Single,2,Average,No
28,male,2,own,little,56562.332673346726,36,radio/TV,good,999225.7831566152,Master's Degree,Married,2,High,Yes
22,female,2,rent,rich,29561.54629145601,12,furniture/equipment,good,1035855.2867980428,High School Diploma,Married,2,Average,Yes
20,female,2,own,little,24183.09328386315,11,furniture/equipment,good,312006.1422385841,Master's Degree,Married,1,High,No
42,male,3,own,little,133214.78797226053,36,car,bad,482783.92690592783,Doctorate,Single,3,Low,No
23,female,2,own,quite rich,15283.710560207872,12,repairs,good,614522.6511198898,Master's Degree,Married,2,Low,Yes
54,female,0,own,quite rich,10904.531948310616,6,car,good,809893.2915306685,Bachelor's Degree,Single,3,Average,No
23,male,1,own,little,20484.16542846585,24,car,bad,24162.301070432597,Bachelor's Degree,Single,2,Average,Yes
47,male,2,free,little,82780.87499064534,24,radio/TV,good,1276949.082057989,Master's Degree,Married,1,Average,No
25,female,2,rent,little,22342.42785198016,24,car,bad,1189045.2941421885,Bachelor's Degree,Married,3,High,Yes
37,male,3,own,moderate,205043.47288270175,48,radio/TV,good,1445069.3036793196,Doctorate,Married,3,Low,No
52,male,1,own,little,34765.32149942857,10,radio/TV,good,107405.95733546915,Associate's Degree,Married,0,High,Yes
42,male,3,own,little,127201.40387826537,36,car,bad,501694.3888029861,Doctorate,Single,3,Low,No
42,female,2,rent,little,6230.145412257957,12,radio/TV,good,67874.2389232708,Master's Degree,Single,0,High,Yes
21,female,2,rent,little,17806.896098710517,18,radio/TV,good,832014.2651368644,Doctorate,Married,1,High,No
43,female,1,own,little,22724.590656821943,15,radio/TV,good,67652.87014951861,Bachelor's Degree,Single,3,High,Yes
31,male,3,own,little,140948.53761604888,36,car,good,523099.87562083366,Master's Degree,Married,3,High,No
35,female,2,own,little,24763.408411828164,12,furniture/equipment,good,776697.9561889268,High School Diploma,Married,2,Low,Yes
64,female,2,own,moderate,22160.51007408379,10,car,good,1417052.7665685057,High School Diploma,Married,2,Low,No
35,male,2,own,little,38023.34520935032,24,car,good,500972.7965074535,High School Diploma,Single,2,Low,No
38,male,2,own,little,18969.93019710548,24,radio/TV,bad,125747.72953290016,Doctorate,Single,2,Average,No
27,male,3,own,little,98366.79021115584,24,vacation/others,good,858623.1690321239,Doctorate,Single,3,High,Yes
50,male,2,own,little,81798.27671679591,27,business,bad,310170.8961373402,Bachelor's Degree,Single,0,Average,No
43,male,2,rent,little,79809.70747656537,12,car,bad,709538.3589576742,Doctorate,Single,2,Average,Yes
23,female,1,rent,little,51461.93781446027,24,furniture/equipment,bad,990943.8754171964,Master's Degree,Married,3,Average,Yes
39,male,3,own,little,28985.79115475539,12,car,good,1307446.1935686795,High School Diploma,Married,2,Average,No
25,male,2,own,little,83468.91053984547,24,furniture/equipment,good,1122758.2605350683,Bachelor's Degree,Single,3,Low,Yes
28,female,2,rent,little,40340.00381514272,15,car,bad,610643.2249468092,Master's Degree,Married,3,High,Yes
37,female,2,own,little,20802.80694891361,24,car,good,999047.889389664,Master's Degree,Married,2,High,Yes
39,male,1,own,little,110024.61343759124,11,car,good,46402.10076513333,High School Diploma,Single,0,Average,Yes
36,male,2,own,quite rich,35033.66856803176,30,car,good,462573.3498488989,High School Diploma,Single,3,Low,Yes
24,female,2,free,little,87013.7853542089,24,education,good,222742.8032470823,High School Diploma,Single,2,Low,No
50,male,2,own,little,24105.549278714094,15,radio/TV,good,53721.81994483592,Bachelor's Degree,Single,0,Average,Yes
31,male,3,free,little,124649.45132063,48,vacation/others,good,883748.094283122,Bachelor's Degree,Single,3,Average,No
25,male,2,own,little,87349.09765010841,24,furniture/equipment,good,1068461.7260908035,Bachelor's Degree,Single,3,Low,Yes
24,male,2,own,little,95720.99556923388,36,radio/TV,good,121894.0798621454,High School Diploma,Married,0,High,No
49,male,1,own,little,50601.31054050205,12,car,good,464898.498742933,Associates's Degree,Single,3,Low,Yes
44,female,2,own,little,97252.3882579352,24,radio/TV,bad,49380.46548495608,High School Diploma,Single,0,Average,Yes
23,female,2,rent,little,23609.787800229005,24,radio/TV,good,995900.6980722873,Bachelor's Degree,Single,0,Average,No
23,female,2,own,quite rich,24158.1162674714,12,radio/TV,good,960090.723534362,High School Diploma,Single,0,High,No
39,male,3,own,little,178625.33839334466,24,vacation/others,bad,33445.7813630611,High School Diploma,Single,0,Low,No
41,male,1,own,little,40307.20664517439,21,business,bad,218655.50248020547,Doctorate,Single,0,High,No
30,male,2,own,little,10995.483157455932,12,radio/TV,good,992496.8576324568,Doctorate,Married,0,Average,Yes
25,female,1,own,little,36311.35661961293,15,radio/TV,bad,1291846.268345027,Bachelor's Degree,Single,2,Low,Yes
28,female,2,rent,quite rich,22660.41312867086,15,car,good,62002.10453592503,Bachelor's Degree,Married,2,High,No
20,female,2,own,little,30382.80849616072,24,radio/TV,good,1314386.8987596007,Associates's Degree,Single,2,Low,Yes
49,male,2,own,little,37608.832612765786,12,radio/TV,good,1247937.7113429883,Master's Degree,Married,3,Average,No
37,male,2,own,little,60511.65976110373,24,car,good,1181834.7910635043,High School Diploma,Single,1,Average,Yes
24,male,2,own,quite rich,45665.684611305616,12,radio/TV,good,183439.0330200092,Doctorate,Single,0,High,Yes
37,male,2,own,little,18811.489263636315,10,domestic appliances,good,95794.06625938335,Doctorate,Single,0,High,Yes
22,male,2,own,little,22145.34673783878,9,radio/TV,bad,233929.8592203288,Bachelor's Degree,Single,1,High,No
63,male,3,free,little,213682.73458820576,60,car,good,757144.8718516935,Doctorate,Single,1,High,No
28,male,2,rent,little,54446.64373046189,12,furniture/equipment,good,682533.0757005481,Doctorate,Married,0,High,Yes
24,male,2,own,little,139175.85481714638,36,car,bad,363189.2499107103,High School Diploma,Married,1,Low,Yes
32,male,2,free,little,18385.60334217918,9,education,bad,1034873.4137890636,Master's Degree,Single,0,High,No
47,male,2,free,little,197551.6537695666,36,education,bad,54953.99619775763,Bachelor's Degree,Married,2,High,No
34,female,3,own,little,23375.611705820997,9,education,bad,524783.8315407627,Bachelor's Degree,Single,3,High,Yes
36,male,3,free,little,30181.975803484773,18,radio/TV,good,898907.421263763,Doctorate,Married,3,Low,No
25,female,3,own,little,130750.11418950772,36,education,bad,683988.3010801007,Doctorate,Married,1,Low,No
49,male,2,own,little,136962.0573983495,30,furniture/equipment,bad,1362936.86284215,Associates's Degree,Married,0,Low,Yes
57,male,2,free,little,36315.12130272526,36,car,bad,44044.99591610725,Associate's Degree,Single,0,Average,No
26,male,2,own,little,65403.8861320444,42,radio/TV,bad,126135.00311809308,Doctorate,Married,3,Low,Yes
23,female,1,own,little,15930.664644645674,18,car,bad,1297829.8729666804,High School Diploma,Married,3,Average,Yes
50,male,2,free,little,101481.02441915698,48,education,bad,267452.5471023177,Associates's Degree,Married,1,Average,Yes
26,female,2,own,little,45643.05054632028,33,business,good,838208.7805361197,Associates's Degree,Single,1,High,Yes
27,male,2,own,quite rich,26895.24419826645,12,furniture/equipment,good,264488.1364734138,High School Diploma,Married,1,High,Yes
24,male,2,free,quite rich,74200.65721328845,48,car,bad,1245809.790595953,Master's Degree,Married,3,High,Yes
31,male,2,own,little,55836.51851147623,12,car,good,426434.86792600056,Master's Degree,Married,2,High,Yes
49,male,1,own,little,19329.918527834587,12,furniture/equipment,good,648098.978923861,High School Diploma,Single,0,High,No
36,male,2,rent,little,61744.847574572144,11,car,good,553018.4579512423,High School Diploma,Single,1,Average,Yes
43,male,2,free,little,21370.90394952608,24,car,bad,798536.5204880845,Doctorate,Single,3,Low,No
34,male,2,own,little,37210.85697739654,7,radio/TV,good,61215.98848035481,Doctorate,Married,1,High,No
23,female,2,own,little,23403.751668129287,12,radio/TV,good,985644.509319898,High School Diploma,Single,0,High,No
36,male,3,rent,moderate,112622.70723198816,24,business,good,46568.16696478558,High School Diploma,Single,0,Average,Yes
49,female,2,own,quite rich,17234.404851885713,12,radio/TV,good,1017206.7037558228,Doctorate,Single,3,High,Yes
24,female,2,rent,quite rich,64507.95861646741,48,business,bad,119545.43425659664,Bachelor's Degree,Married,0,High,No
45,female,2,own,little,38364.51177670927,7,radio/TV,good,1369656.85507123,Bachelor's Degree,Single,2,High,No
32,male,2,own,little,47645.06793624177,6,furniture/equipment,good,1095333.4158441378,Master's Degree,Married,2,Low,No
48,male,3,own,little,186407.8228155228,48,business,good,848051.7434690922,Bachelor's Degree,Single,0,High,Yes
49,female,2,own,little,6772.282628297298,6,furniture/equipment,good,140168.8420890214,Doctorate,Married,3,Low,No
27,male,2,own,little,58320.68226281146,18,car,good,341395.07403454185,Master's Degree,Married,3,High,Yes
45,female,2,own,little,35351.623907259695,7,radio/TV,good,1332860.268806602,Bachelor's Degree,Single,2,High,No
48,male,2,free,little,153171.89457976454,24,car,good,1176694.186317291,Associates's Degree,Single,0,Low,Yes
47,male,1,own,quite rich,21754.254303353875,15,radio/TV,good,388599.6740704791,Bachelor's Degree,Single,0,Average,Yes
42,female,2,rent,little,6533.770068705855,12,radio/TV,good,69663.08118502251,Master's Degree,Single,0,High,Yes
42,male,2,own,little,53265.28807827194,36,furniture/equipment,bad,37440.998247781565,Bachelor's Degree,Single,0,Average,No
30,male,3,own,quite rich,37371.02552504366,30,radio/TV,good,126228.11315763884,Bachelor's Degree,Married,0,High,No
43,male,2,own,little,63617.95914393975,24,car,good,1346194.04890936,Master's Degree,Single,3,Low,Yes
26,female,1,rent,little,58672.16073716909,21,furniture/equipment,good,664582.323926737,Master's Degree,Single,3,High,No
46,male,2,own,little,20727.85267473119,6,car,good,909081.1145219798,Bachelor's Degree,Married,3,Low,Yes
35,female,2,own,little,26090.41585486039,12,furniture/equipment,good,752667.2330496426,High School Diploma,Married,2,Low,Yes
37,male,2,free,little,35058.53381513754,12,radio/TV,good,53346.15666164413,Bachelor's Degree,Single,3,Average,Yes
25,male,1,own,little,10495.936472507332,12,car,bad,1102634.1493245692,Master's Degree,Married,1,Average,Yes
24,male,2,own,little,27568.7311720858,18,radio/TV,good,1158071.9980658677,Associates's Degree,Single,1,High,Yes
54,female,2,rent,little,120686.39592774176,36,car,good,399512.5598713571,Associates's Degree,Single,1,High,No
29,female,2,own,quite rich,54833.91676663132,21,radio/TV,good,561111.1660196952,Doctorate,Single,1,Average,Yes
32,female,1,own,little,15335.60008516674,6,car,bad,615212.74200293,Master's Degree,Married,3,Low,No
28,male,2,own,little,34250.12648235413,11,business,good,740052.0889767611,High School Diploma,Single,3,Average,No
53,male,2,own,little,36786.95031280564,24,radio/TV,good,79513.38945728845,Doctorate,Married,1,High,Yes
40,male,0,own,little,56524.31861413983,18,business,good,864354.2542825597,Master's Degree,Married,1,Low,No
46,male,2,own,moderate,39278.81841626728,24,radio/TV,good,672442.5210528718,Bachelor's Degree,Married,2,Low,Yes
31,male,2,own,little,21348.97457905249,24,car,good,1396683.883459624,High School Diploma,Married,1,Average,No
42,male,2,own,little,63398.24032807104,18,furniture/equipment,bad,955054.5022705186,Doctorate,Married,2,Low,No
27,female,2,own,moderate,47711.258971858806,24,car,bad,244801.8614156581,Bachelor's Degree,Single,0,High,No
28,male,2,own,moderate,49427.99688844635,48,radio/TV,bad,649186.0735357378,Doctorate,Married,0,Low,No
49,female,2,own,little,6655.920252220752,6,furniture/equipment,good,136125.24417338514,Doctorate,Married,3,Low,No
28,male,3,rent,rich,149232.15343164612,36,car,bad,966729.9304351658,Doctorate,Married,0,High,No
55,male,2,own,little,103332.98507417463,24,furniture/equipment,bad,461431.2217469114,Bachelor's Degree,Single,3,High,Yes
40,female,2,own,little,13958.066129480469,10,education,good,1086884.4635486098,Doctorate,Married,3,High,No
38,male,2,own,rich,5759.348725284761,6,radio/TV,good,950840.2327311628,Bachelor's Degree,Single,1,High,Yes
57,male,1,rent,little,20071.231785082,12,business,good,96782.37353602504,Bachelor's Degree,Married,3,High,Yes
36,female,2,own,little,33976.56164320325,12,car,good,1216912.4423734955,Associates's Degree,Single,0,High,No
33,female,2,own,little,43919.55670165401,30,radio/TV,good,69348.67715135962,Doctorate,Married,3,Low,Yes
44,female,2,own,little,96525.94707647923,24,radio/TV,bad,48341.564884523366,High School Diploma,Single,0,Average,Yes
28,male,1,own,little,48358.28514254157,21,car,good,49288.43004450647,Doctorate,Single,0,Low,No
34,female,2,own,quite rich,24257.614470985925,24,car,good,226169.45782838785,Doctorate,Single,0,Low,No
30,male,2,own,moderate,9754.699257948589,12,repairs,bad,83264.3794399871,Doctorate,Married,1,High,No
45,female,2,own,little,37829.41812281999,7,radio/TV,good,1315681.1409654603,Bachelor's Degree,Single,2,High,No
27,female,2,rent,little,33064.25495171948,10,furniture/equipment,good,23779.80139384197,High School Diploma,Single,0,Low,No
54,male,2,own,little,20381.016803568524,12,car,good,105552.8806234142,Master's Degree,Married,2,High,No
64,female,2,own,little,22345.89751765461,10,car,good,1316194.6555263875,High School Diploma,Married,2,Low,No
33,male,2,own,moderate,102969.5175674684,42,business,good,1379362.512847416,High School Diploma,Married,3,Average,Yes
61,male,3,free,little,29941.19066247168,36,business,bad,107163.68261475684,Master's Degree,Married,2,High,Yes
41,male,2,own,moderate,62650.67503946537,48,radio/TV,good,262913.0057934271,Associates's Degree,Married,1,Average,Yes
47,female,2,free,moderate,21452.808662216292,24,radio/TV,good,1373457.0340356044,High School Diploma,Single,2,Average,No
44,male,2,rent,quite rich,42581.46209743627,6,radio/TV,good,69374.20370573526,Master's Degree,Single,0,High,Yes
34,female,2,own,little,72804.6549156346,36,radio/TV,good,1100926.3547472577,High School Diploma,Married,0,High,Yes
28,male,1,rent,little,96384.03572008703,18,car,good,48947.11040974117,High School Diploma,Single,0,Average,Yes
34,male,1,own,moderate,28674.639196426004,6,business,good,1086894.4011634483,High School Diploma,Married,1,High,Yes
25,female,2,rent,little,21384.760576529672,24,car,bad,1198580.9176937356,Bachelor's Degree,Married,3,High,Yes
47,male,1,own,little,10959.591530390036,8,car,good,720718.0005765987,Master's Degree,Married,0,Average,Yes
27,male,3,own,rich,99461.25036533832,24,vacation/others,good,836987.9963431649,Doctorate,Single,3,High,Yes
37,female,2,own,little,31355.8025330742,24,car,good,243958.75436363835,Bachelor's Degree,Married,2,High,No
27,female,2,rent,little,15573.563062144043,12,furniture/equipment,bad,871096.1072307716,Master's Degree,Single,3,Average,Yes
27,male,2,rent,little,126688.78491716312,36,business,bad,1303237.9042451056,Doctorate,Married,3,Average,Yes
32,male,2,free,quite rich,17547.446160041076,9,education,bad,1004406.8920529146,Master's Degree,Single,0,High,No
30,male,2,own,quite rich,30522.08722696242,12,car,good,903138.1801073644,High School Diploma,Single,3,High,No
27,male,2,own,little,16754.06230414656,12,car,good,644014.841376084,Bachelor's Degree,Single,1,High,Yes
30,male,2,own,little,93231.73737784836,18,car,good,120483.74339147484,High School Diploma,Single,0,High,No
23,male,1,rent,little,31161.662868412222,18,radio/TV,good,1083355.604910727,Doctorate,Married,1,Average,Yes
49,female,2,own,little,7053.586484591362,6,furniture/equipment,good,134315.52887848605,Doctorate,Married,3,Low,No
27,male,1,own,little,16756.686769866283,9,radio/TV,good,1133837.0498430107,Doctorate,Single,1,Low,No
27,male,2,own,little,25312.84579898252,12,furniture/equipment,good,268516.0328197663,High School Diploma,Married,1,High,Yes
26,male,2,own,rich,18322.99919884323,12,radio/TV,good,33500.159781202485,High School Diploma,Single,0,Low,Yes
58,male,2,own,little,28395.03407251337,30,radio/TV,good,990398.9038700477,Doctorate,Single,0,Low,Yes
22,male,2,own,little,22598.3948335055,9,radio/TV,bad,238386.9441376941,Bachelor's Degree,Single,1,High,No
32,male,3,own,rich,29891.411216782617,18,radio/TV,good,1370146.6404124715,Master's Degree,Married,0,Low,Yes
42,male,2,free,little,165036.49231863604,36,car,good,1265155.2581864502,Bachelor's Degree,Single,0,High,Yes
47,male,2,own,little,21415.354963988888,12,education,good,215802.1811754609,Bachelor's Degree,Married,3,Average,No
55,female,3,own,little,21776.95269367746,12,furniture/equipment,good,422782.21792880254,Bachelor's Degree,Single,0,Low,No
31,male,1,own,little,49658.89293034296,30,furniture/equipment,bad,1382620.0545027745,Bachelor's Degree,Single,1,High,Yes
26,male,1,own,little,12168.894287198458,6,car,good,58207.60779532418,Bachelor's Degree,Married,2,High,Yes
32,female,3,own,moderate,280343.02543020115,48,vacation/others,bad,109201.4651886934,Doctorate,Single,3,High,No
25,male,2,own,little,20737.54730000041,24,business,good,671987.9195798694,Bachelor's Degree,Married,0,Low,No
24,male,2,own,little,41642.10277033811,39,car,good,976220.0625030256,Doctorate,Single,1,Low,No
28,male,2,own,little,29551.50595762348,18,business,good,1248221.0248567483,Bachelor's Degree,Single,1,Average,Yes
54,male,2,free,little,25441.378342020165,24,education,good,1442063.1295832947,Doctorate,Married,0,High,No
63,male,2,own,little,45157.20719158359,24,car,good,1071365.4293453344,Associates's Degree,Married,2,Low,No
36,male,3,own,moderate,20876.784998646443,24,radio/TV,good,497187.7027367834,High School Diploma,Married,3,High,No
26,male,2,own,little,16800.77051333245,12,business,good,1009811.5533444826,Associates's Degree,Married,2,Average,No
51,female,2,own,little,10370.47617822632,12,car,good,34661.281234809125,High School Diploma,Single,0,Low,Yes
23,male,1,rent,little,31085.283838337007,18,radio/TV,good,1064554.050234755,Doctorate,Married,1,Average,Yes
28,male,2,own,little,40246.442894067455,18,furniture/equipment,good,1414728.3805474683,Master's Degree,Married,1,High,Yes
59,female,2,rent,little,97794.65439728215,48,business,bad,904284.6773444688,Doctorate,Single,2,Average,No
38,male,2,own,rich,6021.682016848428,6,radio/TV,good,904373.7035908366,Bachelor's Degree,Single,1,High,Yes
54,male,2,own,moderate,47897.32539727239,48,domestic appliances,bad,975620.226592489,Bachelor's Degree,Single,1,Low,No
47,male,2,free,quite rich,76716.96245851925,24,radio/TV,good,1299949.139531447,Master's Degree,Married,1,Average,No
24,female,2,own,little,134086.58234607882,48,car,good,81660.83867897057,Doctorate,Single,0,High,Yes
35,male,2,own,little,15951.768517241306,12,radio/TV,good,666602.1555163729,Doctorate,Single,1,Low,Yes
23,female,2,rent,little,32929.61768595142,10,furniture/equipment,good,337323.57468456763,Bachelor's Degree,Single,0,Average,No
23,male,1,rent,little,30005.07400672769,18,radio/TV,good,1002207.8155022672,Doctorate,Married,1,Average,Yes
49,male,2,own,rich,17404.271368310958,9,radio/TV,good,724440.0849046161,Associates's Degree,Single,1,High,Yes
62,male,2,own,little,20026.25658225379,6,domestic appliances,good,1288936.8915930414,Master's Degree,Single,0,High,Yes
23,male,2,rent,little,19963.917974132917,12,radio/TV,good,436293.264802082,Doctorate,Single,3,High,Yes
23,female,1,own,rich,14818.288400949168,18,car,bad,1283724.363349521,High School Diploma,Married,3,Average,Yes
54,female,2,rent,little,112914.93715805012,36,car,good,382229.6008878064,Associates's Degree,Single,1,High,No
42,male,2,own,little,8242.188439736814,12,radio/TV,good,788104.4721060782,High School Diploma,Single,2,High,No
31,male,2,own,moderate,29813.672744745825,24,business,bad,1202267.9392857663,Associates's Degree,Single,0,Average,Yes
28,male,2,free,little,53923.99374375621,15,furniture/equipment,good,1381216.4067597175,Doctorate,Married,2,Low,No
28,male,3,rent,rich,146188.03575712224,36,car,bad,1006663.2711939992,Doctorate,Married,0,High,No
22,male,2,own,little,40173.650123176914,18,furniture/equipment,bad,73078.27130245592,Master's Degree,Married,2,High,Yes
36,male,2,own,little,36078.80419196623,36,radio/TV,good,153090.41368489136,Master's Degree,Married,0,High,No
47,male,2,free,quite rich,80407.09762150858,24,radio/TV,good,1295930.897642852,Master's Degree,Married,1,Average,No
57,male,3,free,little,217673.32584395283,36,car,bad,169609.2178856299,Master's Degree,Married,0,High,Yes
23,male,1,own,little,38532.09229360285,27,radio/TV,bad,868576.2161741325,Bachelor's Degree,Married,2,High,Yes
42,male,2,free,little,96102.36535075356,60,education,bad,1202312.671126005,Associates's Degree,Married,2,High,Yes
32,male,3,free,little,74790.82184210813,36,car,good,220252.99868546712,Associates's Degree,Single,0,Average,No
32,male,2,own,rich,25577.628722304933,24,radio/TV,good,284678.0466426129,Master's Degree,Married,2,Average,Yes
25,female,1,own,little,42964.38104432827,15,repairs,good,430103.1763386532,High School Diploma,Single,2,Low,Yes
23,female,2,rent,little,115180.04244041305,36,furniture/equipment,bad,999056.014511094,Master's Degree,Married,3,Low,Yes
54,male,2,own,little,21678.34555520686,12,car,good,105184.28582691576,Master's Degree,Married,2,High,No
40,male,3,own,little,71053.78050820253,15,education,bad,1310125.3929039363,Bachelor's Degree,Single,3,Low,No
49,female,2,own,little,16727.234382884846,12,radio/TV,good,1023568.8141564114,Doctorate,Single,3,High,Yes
28,female,2,rent,little,22790.74459414977,15,car,good,65702.8909829344,Bachelor's Degree,Married,2,High,No
39,male,3,rent,little,50307.18984604596,24,furniture/equipment,bad,770314.0849119541,Master's Degree,Single,1,Low,No
54,male,2,free,little,24536.325550373705,24,education,good,1334658.1471982617,Doctorate,Married,0,High,No
38,male,3,own,quite rich,85545.49486076643,36,car,good,1006021.8926341302,Master's Degree,Married,1,High,No
50,male,2,free,little,101348.28993803896,48,education,bad,254971.0499213861,Associates's Degree,Married,1,Average,Yes
48,male,1,own,little,27795.761853319083,24,radio/TV,good,1087558.8369676569,Bachelor's Degree,Married,0,High,No
30,male,2,own,rich,30796.56638283426,12,car,good,962074.3969825924,High School Diploma,Single,3,High,No
26,female,2,own,little,43334.18272596747,33,business,good,877463.8133922286,Associates's Degree,Single,1,High,Yes
34,male,3,free,little,45133.30573721193,24,car,good,867936.8870450518,Associates's Degree,Single,2,Average,Yes
25,male,2,own,little,34734.28646775631,9,furniture/equipment,good,1120742.8080483095,High School Diploma,Single,3,Average,No
23,female,2,own,quite rich,19632.658014479053,10,furniture/equipment,good,278996.3386072413,Doctorate,Single,0,High,Yes
30,male,2,own,little,73119.52371468683,15,car,good,217029.96753148205,Master's Degree,Single,1,High,No
36,male,2,own,little,38195.39226011924,36,radio/TV,good,141490.83858476335,Master's Degree,Married,0,High,No
40,male,0,own,little,54098.71604880712,18,business,good,885495.6238424095,Master's Degree,Married,1,Low,No
28,female,3,own,little,50900.63725931313,36,furniture/equipment,bad,1082203.65364479,High School Diploma,Single,2,High,Yes
32,male,2,free,quite rich,18707.583019769856,9,education,bad,1025091.0926434336,Master's Degree,Single,0,High,No
22,male,2,own,little,63289.61616925106,30,furniture/equipment,good,27801.426341895025,Associate's Degree,Single,0,Low,Yes
26,female,1,own,little,18256.37915054109,18,radio/TV,good,1253279.5011673232,Bachelor's Degree,Married,0,High,No
30,male,3,own,little,30485.670185027924,30,radio/TV,bad,915166.0201494452,High School Diploma,Married,0,Low,Yes
33,male,2,own,moderate,38452.9301154617,24,furniture/equipment,bad,470693.4525167978,Doctorate,Single,0,Low,Yes
57,female,1,free,little,42717.56319300637,12,education,good,1013285.357499421,Associates's Degree,Single,1,Average,No
74,male,3,own,little,67920.6239077772,24,business,good,606673.9664372351,High School Diploma,Single,1,Low,No
36,male,3,rent,moderate,107681.79382855933,24,business,good,48265.55833675001,High School Diploma,Single,0,Average,Yes
22,female,2,own,little,24987.37957557189,9,radio/TV,bad,355999.49638038053,Associates's Degree,Single,2,Average,No
41,male,2,own,little,40942.9941388802,30,business,good,1049449.5967016858,High School Diploma,Married,1,High,No
22,female,2,rent,little,6630.723207017881,18,radio/TV,bad,656095.6551341626,Doctorate,Single,0,Low,No
25,female,2,rent,little,21644.20629269682,24,car,bad,1108840.95905806,Bachelor's Degree,Married,3,High,Yes
52,male,2,own,little,14772.636660142069,9,education,good,25138.47090084924,High School Diploma,Single,3,High,Yes
27,male,1,own,little,18224.466270532503,12,car,good,432716.48012592125,Doctorate,Single,2,High,No
37,female,2,own,little,53505.052504487845,4,car,good,88689.7196027632,Associates's Degree,Married,3,Low,Yes
61,male,2,free,little,19543.02827584263,18,education,good,1029839.7226672566,Doctorate,Single,1,Average,No
66,female,1,own,moderate,12387.246544023154,9,radio/TV,good,658380.0450361952,High School Diploma,Single,1,Low,Yes
24,male,2,own,little,34801.7420423947,36,business,bad,213301.26280881552,Associates's Degree,Single,2,Average,No
36,male,2,own,little,50484.05686361275,36,car,good,1065820.4963314508,High School Diploma,Married,2,Average,Yes
33,male,2,own,little,31051.843238465088,18,radio/TV,good,183840.83129657776,Master's Degree,Single,3,Low,No
20,female,2,own,little,24325.581019433863,11,furniture/equipment,good,301577.5451843857,Master's Degree,Married,1,High,No
45,male,2,own,little,163708.16503875563,36,car,good,621144.7302164227,Associates's Degree,Married,0,High,Yes
42,male,1,own,rich,23215.60792254549,4,radio/TV,good,1213202.6320681432,Bachelor's Degree,Married,1,Average,No
37,female,2,own,little,33361.42460154462,24,car,good,242351.588625778,Bachelor's Degree,Married,2,High,No
28,male,2,own,little,29811.1504052794,18,business,good,1185464.994557293,Bachelor's Degree,Single,1,Average,Yes
44,female,2,own,little,92910.42321165088,24,radio/TV,bad,46223.80655031948,High School Diploma,Single,0,Average,Yes
26,male,2,own,little,67555.50545924867,42,radio/TV,bad,124174.09440849649,Doctorate,Married,3,Low,Yes
23,female,2,rent,little,36939.45743849545,30,furniture/equipment,bad,1381407.512888682,Doctorate,Single,3,Average,No
39,male,3,own,little,30227.95376125675,12,car,good,1387682.6675004987,High School Diploma,Married,2,Average,No
24,male,2,own,moderate,32332.860850550904,36,business,bad,196805.9876706845,Associates's Degree,Single,2,Average,No
29,male,3,own,moderate,187294.26542659788,24,vacation/others,bad,1225208.014801649,Bachelor's Degree,Single,3,Average,Yes
61,male,3,free,little,30642.674288835555,36,business,bad,101618.24608623049,Master's Degree,Married,2,High,Yes
75,male,3,free,little,104585.12575628862,24,car,good,750147.8484169719,High School Diploma,Single,0,High,Yes
35,male,2,free,little,141835.1711351572,48,car,good,620488.588448845,High School Diploma,Single,3,High,Yes
19,female,2,rent,little,30447.633923806803,9,furniture/equipment,bad,1272170.4952867387,Bachelor's Degree,Married,2,Average,Yes
31,male,2,own,moderate,30630.20786061397,24,business,bad,1245912.6425133802,Associates's Degree,Single,0,Average,Yes
28,male,2,rent,little,57849.96944157902,12,furniture/equipment,good,698432.2100156853,Doctorate,Married,0,High,Yes
27,female,2,own,little,38793.74170044425,18,radio/TV,good,1359983.044929496,Associates's Degree,Single,1,Average,No
45,male,3,own,little,111065.04847381226,6,car,good,1150242.8699257348,High School Diploma,Single,2,High,No
25,female,2,own,little,36826.53764982579,18,radio/TV,good,227913.4576700208,Bachelor's Degree,Single,2,Low,No
49,male,1,own,little,57190.5321844254,30,radio/TV,good,624570.2457254756,Doctorate,Single,1,High,No
20,male,2,own,little,47406.84455933029,24,furniture/equipment,bad,1228554.580276776,Doctorate,Single,0,Average,No
26,female,2,own,little,155511.09368579276,48,furniture/equipment,bad,1135746.006455886,Bachelor's Degree,Single,2,High,No
26,male,2,own,little,131861.68367154326,36,car,bad,795811.1507624381,Associates's Degree,Married,0,Average,No
48,male,1,rent,little,34371.25852042209,10,car,good,63087.65542301296,Doctorate,Married,1,High,Yes
31,male,3,free,little,115461.16149993944,48,vacation/others,good,917803.5475708074,Bachelor's Degree,Single,3,Average,No
57,female,3,rent,little,20277.13376340545,24,radio/TV,good,1382974.7705557996,Master's Degree,Married,0,Average,No
22,female,2,own,little,25091.79333650303,9,radio/TV,bad,370095.0337377892,Associates's Degree,Single,2,Average,No
40,female,2,own,little,13487.844170371603,10,education,good,1042687.337456609,Doctorate,Married,3,High,No
40,male,3,own,little,20640.734912028307,24,vacation/others,bad,395109.551572722,High School Diploma,Married,3,Average,No
27,male,2,own,little,16595.558407377488,12,car,good,662151.7078696818,Bachelor's Degree,Single,1,High,Yes
25,female,1,own,little,75740.5082760138,24,furniture/equipment,bad,158614.6203255745,Associates's Degree,Single,1,Low,No
28,female,2,rent,little,42260.46956387425,15,car,bad,624910.6007506097,Master's Degree,Married,3,High,Yes
28,female,3,rent,moderate,40969.34687272641,21,radio/TV,good,1053256.2882940455,Doctorate,Single,3,Average,Yes
22,male,2,own,little,22902.465774146694,15,repairs,good,381295.66108741646,High School Diploma,Single,2,High,No
23,female,3,own,little,31591.37210593176,18,car,good,53539.565222172845,Bachelor's Degree,Single,0,Average,Yes
24,male,2,own,little,41271.0353030362,39,car,good,958166.240226525,Doctorate,Single,1,Low,No
27,female,1,own,little,59427.58376135062,15,furniture/equipment,good,564488.6436792356,High School Diploma,Married,3,Average,Yes
74,male,3,own,little,68360.36261946084,24,business,good,584803.4551849406,High School Diploma,Single,1,Low,No
32,male,3,free,little,75169.44530638905,36,car,good,216358.19361662696,Associates's Degree,Single,0,Average,No
28,female,2,rent,little,22590.441753515373,15,car,good,64390.29340809202,Bachelor's Degree,Married,2,High,No
29,female,3,own,little,23251.851822929355,12,business,good,24293.522750189197,High School Diploma,Single,0,Low,Yes
36,male,2,own,little,20754.400928659656,24,business,good,918153.6635729256,High School Diploma,Single,1,Low,Yes
31,male,2,own,moderate,91232.6437519978,36,business,good,52257.28015987981,High School Diploma,Married,0,Low,Yes
36,male,2,own,little,48541.91431822495,36,car,good,1086264.5348317658,High School Diploma,Married,2,Average,Yes
25,female,2,rent,little,21165.438425566736,12,car,bad,82971.47610490352,High School Diploma,Married,1,High,Yes
26,female,2,own,little,20985.700014587288,12,car,bad,933370.0221627124,Doctorate,Married,2,Average,Yes
28,male,1,own,little,44792.64848857991,21,car,good,49239.46989592957,Doctorate,Single,0,Low,No
32,male,3,own,rich,28831.32059898165,18,radio/TV,good,1292216.9623505557,Master's Degree,Married,0,Low,Yes
24,female,1,rent,little,175872.97956646493,48,car,bad,566566.3119321567,Doctorate,Single,0,Average,Yes
21,female,2,rent,little,18071.315324582105,18,radio/TV,good,820090.4843170666,Doctorate,Married,1,High,No
29,male,2,own,little,55501.64257486185,15,car,good,72599.80594108236,Master's Degree,Married,3,Low,Yes
24,female,2,rent,quite rich,20939.499398892,15,domestic appliances,bad,220612.9071562926,Bachelor's Degree,Single,1,High,Yes
26,male,2,own,little,21492.463234571827,18,radio/TV,bad,589898.5757134124,Doctorate,Married,1,Average,Yes
42,male,2,free,rich,99218.9366611962,60,education,bad,1125280.2284422887,Associates's Degree,Married,2,High,Yes
36,male,2,own,little,67318.3394290818,18,business,bad,181709.1870800901,High School Diploma,Single,2,High,Yes
54,female,2,rent,little,111702.72528932344,36,car,good,377606.65204723965,Associates's Degree,Single,1,High,No
29,male,2,rent,little,113479.90383598008,42,radio/TV,good,1371412.5430192617,Associates's Degree,Single,2,High,Yes
26,female,1,rent,little,57252.82719053026,21,furniture/equipment,good,699243.2969253303,Master's Degree,Single,3,High,No
50,male,2,own,little,38245.77010960253,12,car,good,1409906.5852918867,High School Diploma,Married,1,Low,No
26,female,1,rent,rich,64155.10429936455,30,business,bad,237273.17191769803,Bachelor's Degree,Married,2,Low,No
35,male,2,free,moderate,22382.047776606138,15,radio/TV,good,978079.4037751106,Doctorate,Single,0,Low,Yes
23,female,2,rent,little,114422.55483098832,36,furniture/equipment,bad,1060923.8038733609,Master's Degree,Married,3,Low,Yes
28,male,1,rent,little,96181.72904827486,18,car,good,47328.311193770496,High School Diploma,Single,0,Average,Yes
34,female,3,own,little,31645.16749488303,24,furniture/equipment,bad,1420821.053653152,Master's Degree,Married,0,High,No
23,female,2,rent,little,34783.14715160519,10,furniture/equipment,good,338340.63332484633,Bachelor's Degree,Single,0,Average,No
23,female,2,own,little,61544.88808771205,15,car,good,1141334.224262255,High School Diploma,Single,1,Low,Yes
41,male,3,own,little,100611.44940649888,24,car,good,1300503.0489708888,Doctorate,Married,1,Average,Yes
31,male,2,own,little,59183.868659216365,12,car,good,401974.1152440521,Master's Degree,Married,2,High,Yes
38,male,2,own,rich,91129.13960679543,30,radio/TV,good,847143.9048395437,Associates's Degree,Married,3,High,No
20,male,3,rent,little,17111.251816448985,12,radio/TV,good,522098.3670444331,Bachelor's Degree,Single,1,Low,Yes
41,male,2,own,little,37689.90983619803,30,business,good,1076817.5394551996,High School Diploma,Married,1,High,No
23,male,0,own,moderate,219011.7634924199,6,car,bad,158661.7080605054,Master's Degree,Married,1,High,No
24,female,2,rent,rich,10769.120592130104,12,furniture/equipment,good,1123022.0149249863,High School Diploma,Married,0,Average,No
51,male,2,own,moderate,72405.74101980423,11,radio/TV,good,87863.40183237079,Doctorate,Married,1,High,No
49,male,1,own,little,20043.62464982856,12,furniture/equipment,good,690153.1059547563,High School Diploma,Single,0,High,No
49,male,1,own,little,22672.43780362588,18,radio/TV,good,1340430.729906508,Doctorate,Married,1,High,Yes
39,female,2,own,little,13864.551016670308,6,car,good,124167.71315081892,Bachelor's Degree,Married,0,High,No
43,male,2,own,little,19322.53354994613,6,car,good,356017.91539041034,Associates's Degree,Married,2,Low,Yes
32,male,1,own,moderate,73224.24366496778,27,furniture/equipment,good,643453.7481544651,Master's Degree,Married,1,High,No
23,male,2,rent,little,20434.98536743904,12,radio/TV,good,433818.54415748257,Doctorate,Single,3,High,Yes
25,male,2,own,little,19012.281655746527,12,radio/TV,good,109536.53834116289,Associate's Degree,Married,0,High,No
43,male,2,own,little,36243.51572603676,24,car,good,270567.682501846,Associates's Degree,Married,1,High,No
23,female,2,own,little,37118.205518792325,21,furniture/equipment,good,95083.86139795111,Doctorate,Single,0,High,Yes
35,female,2,free,little,83409.10959480224,15,car,good,24886.57948914009,Associates's Degree,Married,2,Low,Yes
28,male,1,rent,little,99556.51263877984,18,car,good,46251.722249505365,High School Diploma,Single,0,Average,Yes
36,male,3,own,little,36699.0654773437,12,car,good,57931.03133515714,Bachelor's Degree,Married,2,High,Yes
44,male,2,own,little,38513.38517400176,24,business,good,1029090.4827811884,High School Diploma,Single,1,Average,No
47,male,2,free,quite rich,83421.80474561796,24,radio/TV,good,1280283.3626558245,Master's Degree,Married,1,Average,No
35,female,2,free,moderate,18980.868501323468,6,education,bad,921748.7852254,Master's Degree,Single,3,Average,No
30,male,2,free,little,51035.95403846393,24,furniture/equipment,bad,226335.6906908113,Bachelor's Degree,Married,0,Average,No
25,male,2,own,little,23547.829983190004,12,radio/TV,bad,1102255.8357046458,Associates's Degree,Single,2,High,No
44,male,2,own,little,18080.27174159861,12,car,good,916703.1435489703,Associates's Degree,Married,2,Low,No
42,male,2,free,rich,158296.28879564544,36,car,good,1244252.077039277,Bachelor's Degree,Single,0,High,Yes
24,female,2,rent,quite rich,66653.35689428203,48,business,bad,117011.09008401717,Bachelor's Degree,Married,0,High,No
35,female,2,own,little,24867.02495584218,12,furniture/equipment,good,749554.2406577506,High School Diploma,Married,2,Low,Yes
45,female,2,own,little,36236.63033586905,7,radio/TV,good,1248739.114489413,Bachelor's Degree,Single,2,High,No
30,male,3,free,little,209072.5044846685,21,car,bad,1071525.8386531249,Doctorate,Married,0,Average,No
29,female,2,own,moderate,35296.64940243385,12,radio/TV,good,149698.00688297077,Master's Degree,Married,0,High,Yes
42,male,2,own,little,8005.097872944279,12,radio/TV,good,732194.5961139174,High School Diploma,Single,2,High,No
42,male,1,own,moderate,23677.215609328963,4,car,good,697065.7632851112,Associates's Degree,Single,1,Low,No
23,male,2,own,quite rich,13217.979516100762,13,radio/TV,good,666419.4996820091,Associates's Degree,Married,2,Low,Yes
53,male,2,own,little,45552.206036552045,24,furniture/equipment,good,37387.72562998855,Associate's Degree,Single,0,Average,No
48,male,2,own,moderate,34160.15146571808,9,car,good,58564.33358321808,Bachelor's Degree,Married,2,High,No
21,female,2,rent,little,16977.50150764217,18,radio/TV,good,848992.8955628428,Doctorate,Married,1,High,No
26,male,2,rent,little,43539.22306351453,15,business,good,855626.9137200217,Associates's Degree,Married,1,Average,No
54,female,2,rent,little,115985.00934563726,36,car,good,368968.8776518432,Associates's Degree,Single,1,High,No
48,male,1,own,little,26761.68992291482,24,radio/TV,good,1191616.7858926896,Bachelor's Degree,Married,0,High,No
24,female,2,rent,quite rich,70828.96462008526,48,business,bad,125163.30903129316,Bachelor's Degree,Married,0,High,No
36,male,2,own,little,34046.263910090034,30,car,good,450739.86775677,High School Diploma,Single,3,Low,Yes
64,female,2,own,moderate,21617.89584045125,10,car,good,1374940.2516328038,High School Diploma,Married,2,Low,No
41,male,2,own,moderate,41799.7275920026,36,furniture/equipment,bad,165207.51311504262,Master's Degree,Single,2,High,Yes
38,male,3,own,rich,89962.08038141213,36,car,good,1027904.966379232,Master's Degree,Married,1,High,No
46,male,2,own,moderate,40223.77194554166,24,radio/TV,good,673199.8358539895,Bachelor's Degree,Married,2,Low,Yes
41,male,2,own,little,63537.74156675417,48,radio/TV,good,258405.42512531212,Associates's Degree,Married,1,Average,Yes
30,female,2,own,little,14783.816011404737,9,furniture/equipment,bad,236863.47576223087,Master's Degree,Single,2,Low,Yes
25,female,2,rent,little,21363.458510119865,12,car,bad,82100.24777974447,High School Diploma,Married,1,High,Yes
30,female,2,own,little,120522.8749402722,24,furniture/equipment,good,97093.8141015633,Master's Degree,Single,0,High,No
37,male,2,own,little,157180.76113636125,48,radio/TV,good,1260900.2739472506,Associates's Degree,Married,2,Average,Yes
75,male,3,free,little,109250.70334945292,24,car,good,752215.5132727582,High School Diploma,Single,0,High,Yes
33,male,2,own,little,23280.1026274613,15,radio/TV,good,66591.38916584905,High School Diploma,Married,0,Average,Yes
45,female,2,own,little,38140.93301653535,7,radio/TV,good,1337132.2194062693,Bachelor's Degree,Single,2,High,No
24,female,2,own,little,64231.35034578997,20,furniture/equipment,good,1179578.0810053058,High School Diploma,Married,3,Low,No
23,male,1,rent,little,30289.87077106894,18,radio/TV,good,1068508.2741419007,Doctorate,Married,1,Average,Yes
23,female,2,own,little,62254.713389610246,15,car,good,1185329.28361113,High School Diploma,Single,1,Low,Yes
35,male,2,own,little,62959.35218964706,24,furniture/equipment,good,1252380.9679584466,High School Diploma,Married,2,Average,No
43,male,3,own,rich,38693.250174960085,27,business,good,1487974.8312454328,Master's Degree,Single,3,High,Yes
27,male,2,own,little,88266.48772487082,24,car,good,1229840.0944103175,High School Diploma,Single,0,High,No
27,male,1,own,little,44771.01314705315,15,furniture/equipment,good,77547.22887386021,Master's Degree,Single,0,High,No
37,male,2,own,little,166175.3165999828,48,radio/TV,good,1259712.2959612138,Associates's Degree,Married,2,Average,Yes
46,male,2,free,little,59809.35285305863,48,car,bad,102898.29330563713,High School Diploma,Married,1,High,No
49,male,1,own,little,58978.34475711719,30,radio/TV,good,619408.8000376329,Doctorate,Single,1,High,No
37,female,2,rent,little,23130.826035419774,12,furniture/equipment,good,1264010.4866697306,Bachelor's Degree,Single,1,High,Yes
43,male,3,own,little,248266.09154221768,36,vacation/others,good,61780.3548959347,Bachelor's Degree,Single,1,High,Yes
35,male,2,own,little,32475.564413779368,12,radio/TV,good,1136449.9975715445,Associates's Degree,Married,2,Low,No
27,female,2,own,little,18544.299855567944,12,business,good,641105.7895983979,Doctorate,Single,1,Average,Yes
35,male,2,own,little,35313.60549402786,12,radio/TV,good,1125402.794425312,Associates's Degree,Married,2,Low,No
31,male,2,own,little,47004.94305767469,18,business,good,71707.9692323742,Master's Degree,Single,1,Average,No
22,male,2,own,little,37346.33793084076,18,furniture/equipment,bad,74669.93196527334,Master's Degree,Married,2,High,Yes
36,male,3,rent,little,108225.240274468,20,car,good,43159.88490058481,Associate's Degree,Single,0,Average,No
23,female,2,own,quite rich,23820.856653199407,12,radio/TV,good,1013244.9236160372,High School Diploma,Single,0,High,No
35,female,3,own,little,21215.14134354396,11,car,good,78425.18712829091,Doctorate,Married,1,High,No
21,male,2,rent,quite rich,46705.31859730378,45,radio/TV,bad,285065.9542172831,High School Diploma,Married,1,Low,No
33,male,2,own,little,49651.18039915717,15,car,good,398370.94052069535,Associates's Degree,Married,3,Average,No
29,male,2,rent,little,31747.14461507613,6,radio/TV,good,1286015.8376393286,High School Diploma,Single,0,Average,Yes
29,male,1,own,little,36678.97485120653,24,furniture/equipment,good,81094.38707950519,Master's Degree,Single,0,High,No
37,male,2,own,little,58279.45458907111,36,furniture/equipment,good,520119.59424220567,Bachelor's Degree,Single,1,High,No
47,male,2,own,little,46612.85497195552,30,radio/TV,good,1082007.8105559845,Associates's Degree,Single,2,Average,Yes
22,female,2,own,little,89298.38561944322,48,radio/TV,bad,90638.94733198328,Master's Degree,Married,2,High,Yes
41,male,2,own,little,38767.94822958793,30,business,good,1015083.1859177442,High School Diploma,Married,1,High,No
51,male,2,free,little,46375.58769541912,24,furniture/equipment,good,1356481.988923714,Master's Degree,Single,2,Average,No
47,male,2,own,moderate,38029.7138331352,21,car,good,311971.7512087085,Master's Degree,Married,3,High,Yes
46,male,2,own,little,21499.523393998603,6,car,good,865545.1771703702,Bachelor's Degree,Married,3,Low,Yes
29,female,0,rent,moderate,18374.520447777413,24,car,bad,1373448.181872397,High School Diploma,Single,3,Low,Yes
24,female,2,rent,quite rich,65547.24016786642,48,business,bad,117719.47336254411,Bachelor's Degree,Married,0,High,No
31,male,3,free,little,119974.39959112465,48,vacation/others,good,920388.1519359298,Bachelor's Degree,Single,3,Average,No
23,female,2,own,little,34878.13015006479,21,furniture/equipment,good,95278.5564353979,Doctorate,Single,0,High,Yes
37,male,2,own,little,120917.193447414,36,business,good,855797.2073284922,High School Diploma,Single,0,High,No
27,male,2,rent,little,125144.51309741032,36,business,bad,1355675.186588462,Doctorate,Married,3,Average,Yes
33,male,2,own,little,19917.2751297776,18,radio/TV,bad,147989.28730333343,High School Diploma,Married,2,Low,Yes
35,male,3,own,little,58354.22591178183,18,furniture/equipment,good,294356.7864961703,Associates's Degree,Married,3,Low,Yes
37,male,1,own,little,17290.99775600031,9,radio/TV,good,76058.99514054139,Associates's Degree,Married,2,High,Yes
25,female,2,rent,little,21620.40849328593,24,car,bad,1180503.8963622958,Bachelor's Degree,Married,3,High,Yes
75,female,3,own,moderate,20581.456070534325,6,car,good,1352327.6446790467,Master's Degree,Married,1,High,No
24,male,2,own,little,151087.6595615885,36,car,bad,348883.7510598378,High School Diploma,Married,1,Low,Yes
32,male,2,own,quite rich,71843.36452000527,18,radio/TV,good,969169.6745418344,Bachelor's Degree,Married,2,Average,Yes
29,female,1,rent,moderate,26124.38370147621,24,radio/TV,bad,1168566.3407055954,Master's Degree,Married,2,High,No
30,male,2,rent,little,26665.62876113571,6,radio/TV,good,484194.2951146515,Associates's Degree,Married,2,High,No
49,male,2,own,little,130239.80466324522,30,furniture/equipment,bad,1328197.245391448,Associates's Degree,Married,0,Low,Yes
24,female,2,own,little,32925.19228879187,30,car,bad,967234.1492295515,Doctorate,Single,0,Average,Yes
33,female,2,own,quite rich,15851.66847693252,18,car,bad,1310011.7122414184,Bachelor's Degree,Married,2,High,Yes
23,female,2,own,quite rich,15619.693273839925,12,repairs,good,606194.4024657275,Master's Degree,Married,2,Low,Yes
55,male,2,own,little,105447.24999583322,24,furniture/equipment,bad,463028.1538452185,Bachelor's Degree,Single,3,High,Yes
58,male,2,own,little,30322.429321104828,30,radio/TV,good,961500.6016638342,Doctorate,Single,0,Low,Yes
25,female,2,own,quite rich,124141.786801422,36,car,bad,61679.8758588041,Bachelor's Degree,Married,2,High,No
25,male,1,own,little,10868.30674364757,12,car,bad,1097158.3288651337,Master's Degree,Married,1,Average,Yes
28,female,3,rent,little,40536.96597665255,21,radio/TV,good,1075434.6097183838,Doctorate,Single,3,Average,Yes
43,female,1,own,little,22405.07670634768,15,radio/TV,good,68338.274436501,Bachelor's Degree,Single,3,High,Yes
25,female,2,own,little,42874.84355633624,12,furniture/equipment,bad,54547.48165733196,High School Diploma,Single,0,Low,No
47,male,2,free,quite rich,82366.74726611645,24,radio/TV,good,1364957.6878303993,Master's Degree,Married,1,Average,No
23,male,1,rent,little,29898.106255729177,18,radio/TV,good,1096083.315774882,Doctorate,Married,1,Average,Yes
36,male,2,rent,rich,117874.84135155128,60,business,bad,294169.2432146397,Associates's Degree,Married,2,High,No
27,female,2,own,rich,37419.154589850434,18,radio/TV,good,1349683.6302067812,Associates's Degree,Single,1,Average,No
46,female,1,own,rich,35047.0784834439,12,furniture/equipment,good,857922.1084057792,Doctorate,Single,0,Average,No
40,male,2,own,quite rich,24386.782983557416,24,furniture/equipment,good,859471.123376346,Doctorate,Married,1,High,Yes
35,male,3,own,little,17003.43985575084,6,furniture/equipment,good,925571.1111269678,Doctorate,Married,0,Average,No
44,female,2,own,little,89013.83567304313,24,radio/TV,bad,47819.96239359947,High School Diploma,Single,0,Average,Yes
47,male,2,own,moderate,45272.63149028779,30,radio/TV,good,1107011.3084931318,Associates's Degree,Single,2,Average,Yes
48,male,3,own,little,185777.21666600477,48,business,good,887889.329371917,Bachelor's Degree,Single,0,High,Yes
41,male,2,own,little,38257.28569966025,30,business,good,1011146.1694660524,High School Diploma,Married,1,High,No
35,male,3,rent,little,108214.8483392989,36,car,good,51546.94659467103,Bachelor's Degree,Single,0,Average,Yes
22,male,2,own,little,23010.63140546268,9,radio/TV,bad,233003.0466607639,Bachelor's Degree,Single,1,High,No
27,female,2,rent,little,15036.76064079008,12,furniture/equipment,bad,918108.31950361,Master's Degree,Single,3,Average,Yes
44,female,3,free,little,200188.9798812773,24,car,bad,25659.564771092457,Associate's Degree,Single,0,Low,Yes
31,male,2,own,little,49295.22466693453,18,business,good,68880.38633836959,Master's Degree,Single,1,Average,No
27,male,1,own,little,14973.437990406675,24,education,good,1142883.6435978909,High School Diploma,Single,2,Low,No
27,female,2,rent,little,34414.31891620342,10,furniture/equipment,good,24794.628957637047,High School Diploma,Single,0,Low,No
23,male,2,own,little,14614.080878936886,12,car,bad,724701.2610564922,High School Diploma,Married,2,Average,Yes
34,female,2,own,little,70489.06140258159,36,radio/TV,good,1043050.3906476066,High School Diploma,Married,0,High,Yes
49,male,1,own,little,22437.123989480773,18,radio/TV,good,1408993.9842522452,Doctorate,Married,1,High,Yes
58,male,2,own,little,28048.32603007865,30,radio/TV,good,957575.598075094,Doctorate,Single,0,Low,Yes
35,male,1,own,moderate,41192.2561126564,24,radio/TV,good,593397.394555421,Associates's Degree,Married,1,High,No
31,male,2,own,little,72914.48237856227,24,car,bad,81829.0295221256,Doctorate,Married,0,High,Yes
54,male,2,free,little,24258.427723550176,24,education,good,1352236.120182909,Doctorate,Married,0,High,No
52,male,2,own,moderate,15110.095033335858,9,education,good,25675.42266605571,High School Diploma,Single,3,High,Yes
27,female,2,rent,little,14252.72293033766,12,furniture/equipment,bad,868030.8905781726,Master's Degree,Single,3,Average,Yes
29,male,2,own,little,57784.24508237501,15,car,good,75446.1942639513,Master's Degree,Married,3,Low,Yes
49,male,2,own,little,137254.1510663309,30,furniture/equipment,bad,1321545.412281624,Associates's Degree,Married,0,Low,Yes
40,male,2,own,little,40188.32172516884,22,radio/TV,good,1353915.13738562,Master's Degree,Married,3,Low,No
28,male,2,own,little,16718.054866135826,6,radio/TV,good,168134.95039950902,Doctorate,Married,3,Low,No
23,female,2,rent,little,35165.99718842443,10,furniture/equipment,good,342980.5169206804,Bachelor's Degree,Single,0,Average,No
25,female,2,own,little,28158.24881160946,21,radio/TV,bad,75113.07649850125,Master's Degree,Single,0,High,Yes
55,male,2,own,little,110814.62829940788,24,furniture/equipment,bad,452868.35350469896,Bachelor's Degree,Single,3,High,Yes
47,male,2,own,little,56148.63728570861,18,furniture/equipment,good,988403.4384718837,High School Diploma,Married,3,Low,Yes
40,male,3,own,little,30447.417237429912,36,education,bad,54227.9254252165,Associate's Degree,Single,0,Average,Yes
34,male,2,free,little,103385.88005877667,60,car,good,487052.8222032561,Bachelor's Degree,Single,2,Average,No
34,male,3,free,little,46594.71416272651,24,car,good,843013.6259453663,Associates's Degree,Single,2,Average,Yes
27,male,2,own,little,55890.65030284915,24,furniture/equipment,bad,685345.9041855988,Doctorate,Single,0,Low,Yes
75,male,3,free,little,108386.26891004496,24,car,good,727609.4755796959,High School Diploma,Single,0,High,Yes
24,male,2,own,little,39374.23663373535,39,car,good,931972.9788174796,Doctorate,Single,1,Low,No
35,female,2,free,little,82328.48827752426,15,car,good,25601.43169741273,Associates's Degree,Married,2,Low,Yes
24,female,2,own,little,133012.79312019388,48,car,good,83320.68175065712,Doctorate,Single,0,High,Yes
36,male,2,own,little,36168.64813350245,36,radio/TV,good,150893.5149165548,Master's Degree,Married,0,High,No
31,male,1,own,little,47507.79614344933,30,furniture/equipment,bad,1391591.4396657448,Bachelor's Degree,Single,1,High,Yes
41,male,1,own,little,39477.53117344522,21,business,bad,219458.72808307275,Doctorate,Single,0,High,No
31,female,3,own,little,44789.822367076886,21,car,good,555741.2723934079,High School Diploma,Single,0,Average,No
39,male,1,own,little,6991.059143017675,6,radio/TV,good,53009.06447184324,Bachelor's Degree,Married,2,High,Yes
27,male,2,own,little,136114.11321076393,27,car,good,92507.91280082989,Master's Degree,Married,2,High,Yes
45,male,1,own,little,5163.459640232665,12,education,good,76124.44426654857,Doctorate,Married,1,High,Yes
34,male,1,free,little,61180.64077876684,48,business,bad,463859.4453051325,Bachelor's Degree,Single,3,Average,No
37,male,3,own,moderate,74495.62367144444,24,business,good,696284.0592904532,Doctorate,Married,3,High,No
48,female,1,free,little,19668.311179824163,10,car,bad,642611.5592960919,Associates's Degree,Single,2,High,No
28,female,3,own,little,51202.06774137055,36,furniture/equipment,bad,1040243.307535552,High School Diploma,Single,2,High,Yes
34,male,1,own,little,27457.5,15,radio/TV,good,1620597.0,Associates's Degree,Single,0,High,No
34,male,2,own,little,61180.0,30,furniture/equipment,good,1619235.0,Associates's Degree,Married,0,Average,No
50,male,2,own,little,41825.0,12,car,good,1614252.0,High School Diploma,Married,1,Low,No
28,male,2,own,little,46532.5,18,furniture/equipment,good,1612242.0,Master's Degree,Married,1,High,Yes
28,male,2,own,little,46532.5,18,furniture/equipment,good,1612242.0,Master's Degree,Married,1,High,Yes
39,male,3,free,little,56857.5,36,car,good,1609386.0,Doctorate,Single,1,Average,Yes
39,male,3,free,quite rich,56857.5,36,car,good,1609386.0,Doctorate,Single,1,Average,Yes
39,male,3,free,little,56857.5,36,car,good,1609386.0,Doctorate,Single,1,Average,Yes
39,male,3,free,little,56857.5,36,car,good,1609386.0,Doctorate,Single,1,Average,Yes
28,male,2,free,moderate,58502.5,15,furniture/equipment,good,1603474.0,Doctorate,Married,2,Low,No
28,male,2,free,little,58502.5,15,furniture/equipment,good,1603474.0,Doctorate,Married,2,Low,No
30,male,3,own,little,248132.5,39,furniture/equipment,good,1600891.0,Doctorate,Single,1,High,Yes
30,male,3,own,little,248132.5,39,furniture/equipment,good,1600891.0,Doctorate,Single,1,High,Yes
28,female,2,own,little,64050.0,24,radio/TV,good,1600037.0,Doctorate,Married,1,Low,No
29,male,2,rent,little,125405.0,42,radio/TV,good,1598582.0,Associates's Degree,Single,2,High,Yes
45,male,3,own,little,157115.0,14,car,bad,1597576.0,Bachelor's Degree,Married,2,High,Yes
43,male,3,own,little,42735.0,27,business,good,1594302.0,Master's Degree,Single,3,High,Yes
43,male,3,own,rich,42735.0,27,business,good,1594302.0,Master's Degree,Single,3,High,Yes
43,male,3,own,rich,42735.0,27,business,good,1594302.0,Master's Degree,Single,3,High,Yes
35,male,2,free,little,59255.0,12,car,bad,1593851.0,Associates's Degree,Single,3,Average,No
35,male,2,free,little,59255.0,12,car,bad,1593851.0,Associates's Degree,Single,3,Average,No
23,male,2,own,little,25270.0,15,radio/TV,good,1593449.0,Doctorate,Married,2,Average,Yes
66,male,0,free,little,25900.0,12,car,good,1592023.0,Master's Degree,Single,1,High,Yes
25,female,2,own,little,52342.5,30,radio/TV,good,1590554.0,High School Diploma,Single,1,High,Yes
34,male,2,own,little,40600.0,18,radio/TV,good,1589368.0,Master's Degree,Single,2,Average,Yes
34,male,2,own,moderate,40600.0,18,radio/TV,good,1589368.0,Master's Degree,Single,2,Average,Yes
23,male,1,rent,rich,11550.0,6,repairs,good,1586337.0,Associates's Degree,Married,0,Average,Yes
23,male,1,rent,little,11550.0,6,repairs,good,1586337.0,Associates's Degree,Married,0,Average,Yes
33,female,2,own,moderate,56770.0,18,furniture/equipment,good,1586278.0,Associates's Degree,Married,1,High,No
33,female,2,own,little,56770.0,18,furniture/equipment,good,1586278.0,Associates's Degree,Married,1,High,No
33,female,2,own,little,56770.0,18,furniture/equipment,good,1586278.0,Associates's Degree,Married,1,High,No
33,female,2,own,little,56770.0,18,furniture/equipment,good,1586278.0,Associates's Degree,Married,1,High,No
33,female,2,own,little,56770.0,18,furniture/equipment,good,1586278.0,Associates's Degree,Married,1,High,No
24,male,2,own,little,97912.5,72,radio/TV,bad,1585196.0,High School Diploma,Single,3,Low,Yes
27,female,2,own,moderate,21647.5,6,radio/TV,good,1585123.0,Bachelor's Degree,Single,1,High,Yes
27,female,2,own,quite rich,21647.5,6,radio/TV,good,1585123.0,Bachelor's Degree,Single,1,High,Yes
57,female,3,rent,little,21542.5,24,radio/TV,good,1584117.0,Master's Degree,Married,0,Average,No
57,female,3,rent,little,21542.5,24,radio/TV,good,1584117.0,Master's Degree,Married,0,Average,No
57,female,3,rent,little,21542.5,24,radio/TV,good,1584117.0,Master's Degree,Married,0,Average,No
25,male,2,own,little,17482.5,24,radio/TV,good,1582271.0,Master's Degree,Married,3,Average,Yes
25,male,2,own,little,17482.5,24,radio/TV,good,1582271.0,Master's Degree,Married,3,Average,Yes
41,female,1,rent,little,21770.0,9,education,good,1581088.0,Master's Degree,Single,0,Average,No
41,female,1,rent,little,21770.0,9,education,good,1581088.0,Master's Degree,Single,0,Average,No
28,male,2,own,little,13580.0,12,radio/TV,good,1578813.0,Associates's Degree,Married,0,High,Yes
28,male,2,own,quite rich,13580.0,12,radio/TV,good,1578813.0,Associates's Degree,Married,0,High,Yes
23,male,2,free,rich,32287.5,45,radio/TV,bad,1576700.0,Associates's Degree,Married,0,High,Yes
23,male,2,free,little,32287.5,45,radio/TV,bad,1576700.0,Associates's Degree,Married,0,High,Yes
37,male,3,own,moderate,223107.5,48,radio/TV,good,1574892.0,Doctorate,Married,3,Low,No
37,male,3,own,little,223107.5,48,radio/TV,good,1574892.0,Doctorate,Married,3,Low,No
37,male,3,own,little,223107.5,48,radio/TV,good,1574892.0,Doctorate,Married,3,Low,No
37,male,3,own,little,223107.5,48,radio/TV,good,1574892.0,Doctorate,Married,3,Low,No
52,male,2,own,little,5915.0,6,radio/TV,good,1569840.0,Associates's Degree,Married,0,Average,Yes
52,male,2,own,little,5915.0,6,radio/TV,good,1569840.0,Associates's Degree,Married,0,Average,Yes
34,male,2,own,moderate,101500.0,36,car,good,1558954.0,Associates's Degree,Married,2,High,Yes
29,female,0,rent,quite rich,20877.5,24,car,bad,1558457.0,High School Diploma,Single,3,Low,Yes
29,female,0,rent,moderate,20877.5,24,car,bad,1558457.0,High School Diploma,Single,3,Low,Yes
23,female,2,rent,little,42105.0,30,furniture/equipment,bad,1555016.0,Doctorate,Single,3,Average,No
23,female,2,rent,little,42105.0,30,furniture/equipment,bad,1555016.0,Doctorate,Single,3,Average,No
21,male,2,rent,little,15785.0,12,education,bad,1554753.0,High School Diploma,Married,2,High,Yes
49,male,1,own,little,11200.0,12,car,good,1553634.0,Associates's Degree,Single,3,Low,No
49,male,1,own,little,11200.0,12,car,good,1553634.0,Associates's Degree,Single,3,Low,No
40,male,1,own,little,28822.5,21,car,bad,1548719.0,Master's Degree,Married,1,Low,No
28,male,1,own,little,8470.0,6,radio/TV,good,1543714.0,Master's Degree,Married,1,Average,No
54,male,2,free,little,27947.5,24,education,good,1541112.0,Doctorate,Married,0,High,No
54,male,2,free,little,27947.5,24,education,good,1541112.0,Doctorate,Married,0,High,No
27,female,2,own,little,41807.5,18,radio/TV,good,1537835.0,Associates's Degree,Single,1,Average,No
27,female,2,own,little,41807.5,18,radio/TV,good,1537835.0,Associates's Degree,Single,1,Average,No
27,female,2,own,little,41807.5,18,radio/TV,good,1537835.0,Associates's Degree,Single,1,Average,No
27,female,2,own,rich,41807.5,18,radio/TV,good,1537835.0,Associates's Degree,Single,1,Average,No
27,female,2,own,rich,41807.5,18,radio/TV,good,1537835.0,Associates's Degree,Single,1,Average,No
26,female,3,rent,moderate,95077.5,24,car,good,1534631.0,Associates's Degree,Single,3,High,Yes
40,male,1,rent,moderate,27947.5,10,car,good,1532857.0,Associates's Degree,Married,3,Average,No
39,male,3,own,little,32970.0,12,car,good,1525042.0,High School Diploma,Married,2,Average,No
39,male,3,own,little,32970.0,12,car,good,1525042.0,High School Diploma,Married,2,Average,No
39,male,3,own,little,32970.0,12,car,good,1525042.0,High School Diploma,Married,2,Average,No
31,male,1,own,little,54390.0,30,furniture/equipment,bad,1524406.0,Bachelor's Degree,Single,1,High,Yes
31,male,1,own,little,54390.0,30,furniture/equipment,bad,1524406.0,Bachelor's Degree,Single,1,High,Yes
31,male,1,own,little,54390.0,30,furniture/equipment,bad,1524406.0,Bachelor's Degree,Single,1,High,Yes
31,male,1,own,little,54390.0,30,furniture/equipment,bad,1524406.0,Bachelor's Degree,Single,1,High,Yes
26,female,2,rent,little,49210.0,24,car,good,1523812.0,Doctorate,Single,0,Low,No
26,female,2,rent,little,49210.0,24,car,good,1523812.0,Doctorate,Single,0,Low,No
26,female,2,rent,little,49210.0,24,car,good,1523812.0,Doctorate,Single,0,Low,No
32,male,2,own,little,126665.0,48,radio/TV,good,1520166.0,Doctorate,Married,0,Average,No
31,male,2,own,little,16257.5,24,furniture/equipment,good,1518555.0,High School Diploma,Single,1,High,No
31,male,2,own,little,16257.5,24,furniture/equipment,good,1518555.0,High School Diploma,Single,1,High,No
31,male,2,own,little,16257.5,24,furniture/equipment,good,1518555.0,High School Diploma,Single,1,High,No
31,male,2,own,little,24377.5,24,car,good,1518253.0,High School Diploma,Married,1,Average,No
31,male,2,own,little,24377.5,24,car,good,1518253.0,High School Diploma,Married,1,Average,No
31,male,2,own,little,24377.5,24,car,good,1518253.0,High School Diploma,Married,1,Average,No
31,male,2,own,little,24377.5,24,car,good,1518253.0,High School Diploma,Married,1,Average,No
31,male,2,own,little,24377.5,24,car,good,1518253.0,High School Diploma,Married,1,Average,No
34,female,3,own,little,36120.0,24,furniture/equipment,bad,1514428.0,Master's Degree,Married,0,High,No
34,female,3,own,little,36120.0,24,furniture/equipment,bad,1514428.0,Master's Degree,Married,0,High,No
34,female,3,own,moderate,36120.0,24,furniture/equipment,bad,1514428.0,Master's Degree,Married,0,High,No
52,male,2,own,little,12547.5,12,radio/TV,good,1514204.0,Associates's Degree,Married,2,Average,No
52,male,2,own,little,12547.5,12,radio/TV,good,1514204.0,Associates's Degree,Married,2,Average,No
49,male,2,own,little,146755.0,30,furniture/equipment,bad,1513162.0,Associates's Degree,Married,0,Low,Yes
49,male,2,own,little,146755.0,30,furniture/equipment,bad,1513162.0,Associates's Degree,Married,0,Low,Yes
49,male,2,own,little,146755.0,30,furniture/equipment,bad,1513162.0,Associates's Degree,Married,0,Low,Yes
49,male,2,own,little,146755.0,30,furniture/equipment,bad,1513162.0,Associates's Degree,Married,0,Low,Yes
29,male,1,own,little,26145.0,4,car,good,1512867.0,Bachelor's Degree,Single,1,High,Yes
64,female,2,own,moderate,23870.0,10,car,good,1508840.0,High School Diploma,Married,2,Low,No
64,female,2,own,moderate,23870.0,10,car,good,1508840.0,High School Diploma,Married,2,Low,No
64,female,2,own,little,23870.0,10,car,good,1508840.0,High School Diploma,Married,2,Low,No
64,female,2,own,little,23870.0,10,car,good,1508840.0,High School Diploma,Married,2,Low,No
25,male,2,own,moderate,17062.5,15,furniture/equipment,good,1506794.0,Doctorate,Single,1,Average,No
25,male,2,own,little,17062.5,15,furniture/equipment,good,1506794.0,Doctorate,Single,1,Average,No
25,male,2,own,rich,17062.5,15,furniture/equipment,good,1506794.0,Doctorate,Single,1,Average,No
63,male,2,own,little,26600.0,15,furniture/equipment,good,1505855.0,High School Diploma,Single,2,Low,No
49,male,1,own,little,25287.5,18,radio/TV,good,1502985.0,Doctorate,Married,1,High,Yes
49,male,1,own,little,25287.5,18,radio/TV,good,1502985.0,Doctorate,Married,1,High,Yes
49,male,1,own,little,25287.5,18,radio/TV,good,1502985.0,Doctorate,Married,1,High,Yes
52,female,1,own,moderate,6335.0,6,car,good,1502300.0,Bachelor's Degree,Single,3,Average,Yes
52,female,1,own,quite rich,6335.0,6,car,good,1502300.0,Bachelor's Degree,Single,3,Average,Yes
52,female,1,own,rich,6335.0,6,car,good,1502300.0,Bachelor's Degree,Single,3,Average,Yes
20,female,2,own,quite rich,34422.5,24,radio/TV,good,1501959.0,Associates's Degree,Single,2,Low,Yes
20,female,2,own,little,34422.5,24,radio/TV,good,1501959.0,Associates's Degree,Single,2,Low,Yes
20,female,2,own,little,34422.5,24,radio/TV,good,1501959.0,Associates's Degree,Single,2,Low,Yes
41,male,3,own,little,110477.5,24,car,good,1501452.0,Doctorate,Married,1,Average,Yes
41,male,3,own,little,110477.5,24,car,good,1501452.0,Doctorate,Married,1,Average,Yes
41,male,3,own,little,110477.5,24,car,good,1501452.0,Doctorate,Married,1,Average,Yes
49,male,2,own,little,18165.0,10,car,good,1498303.0,Associates's Degree,Married,1,Low,Yes
32,male,3,free,little,26337.5,18,radio/TV,good,1497073.0,High School Diploma,Single,2,High,No
25,female,1,own,little,40722.5,15,radio/TV,bad,1491537.0,Bachelor's Degree,Single,2,Low,Yes
25,female,1,own,little,40722.5,15,radio/TV,bad,1491537.0,Bachelor's Degree,Single,2,Low,Yes
32,male,3,own,quite rich,32900.0,18,radio/TV,good,1488895.0,Master's Degree,Married,0,Low,Yes
32,male,3,own,rich,32900.0,18,radio/TV,good,1488895.0,Master's Degree,Married,0,Low,Yes
32,male,3,own,little,32900.0,18,radio/TV,good,1488895.0,Master's Degree,Married,0,Low,Yes
38,male,2,free,little,16572.5,24,car,bad,1486924.0,Associates's Degree,Married,2,High,Yes
29,female,2,own,little,69282.5,15,car,bad,1486399.0,Bachelor's Degree,Single,2,Average,No
27,male,2,own,quite rich,21367.5,6,furniture/equipment,good,1482769.0,Associates's Degree,Single,0,Low,No
47,female,2,free,moderate,24097.5,24,radio/TV,good,1475161.0,High School Diploma,Single,2,Average,No
38,male,3,own,little,136745.0,24,car,good,1471523.0,Doctorate,Single,1,Low,No
38,male,3,own,little,136745.0,24,car,good,1471523.0,Doctorate,Single,1,Low,No
38,male,3,own,rich,136745.0,24,car,good,1471523.0,Doctorate,Single,1,Low,No
38,male,3,own,little,136745.0,24,car,good,1471523.0,Doctorate,Single,1,Low,No
51,male,2,free,little,50610.0,24,furniture/equipment,good,1471177.0,Master's Degree,Single,2,Average,No
51,male,2,free,little,50610.0,24,furniture/equipment,good,1471177.0,Master's Degree,Single,2,Average,No
51,male,2,free,little,50610.0,24,furniture/equipment,good,1471177.0,Master's Degree,Single,2,Average,No
51,male,2,free,little,50610.0,24,furniture/equipment,good,1471177.0,Master's Degree,Single,2,Average,No
33,male,2,own,moderate,110057.5,42,business,good,1467278.0,High School Diploma,Married,3,Average,Yes
27,male,2,rent,little,139650.0,36,business,bad,1462819.0,Doctorate,Married,3,Average,Yes
27,male,2,rent,little,139650.0,36,business,bad,1462819.0,Doctorate,Married,3,Average,Yes
27,male,2,rent,little,139650.0,36,business,bad,1462819.0,Doctorate,Married,3,Average,Yes
27,male,2,rent,quite rich,139650.0,36,business,bad,1462819.0,Doctorate,Married,3,Average,Yes
43,male,2,own,little,70735.0,24,car,good,1459356.0,Master's Degree,Single,3,Low,Yes
43,male,2,own,little,70735.0,24,car,good,1459356.0,Master's Degree,Single,3,Low,Yes
43,male,2,own,little,70735.0,24,car,good,1459356.0,Master's Degree,Single,3,Low,Yes
45,female,2,own,little,40757.5,7,radio/TV,good,1459129.0,Bachelor's Degree,Single,2,High,No
45,female,2,own,little,40757.5,7,radio/TV,good,1459129.0,Bachelor's Degree,Single,2,High,No
45,female,2,own,little,40757.5,7,radio/TV,good,1459129.0,Bachelor's Degree,Single,2,High,No
49,male,2,own,little,40792.5,12,radio/TV,good,1456176.0,Master's Degree,Married,3,Average,No
40,male,2,own,little,46812.5,22,radio/TV,good,1455698.0,Master's Degree,Married,3,Low,No
40,male,2,own,rich,46812.5,22,radio/TV,good,1455698.0,Master's Degree,Married,3,Low,No
40,male,2,own,little,46812.5,22,radio/TV,good,1455698.0,Master's Degree,Married,3,Low,No
39,male,2,own,rich,38710.0,20,furniture/equipment,good,1453741.0,High School Diploma,Single,3,Low,No
75,female,3,own,moderate,24045.0,6,car,good,1453265.0,Master's Degree,Married,1,High,No
75,female,3,own,quite rich,24045.0,6,car,good,1453265.0,Master's Degree,Married,1,High,No
75,female,3,own,little,24045.0,6,car,good,1453265.0,Master's Degree,Married,1,High,No
33,female,2,own,little,18235.0,18,car,bad,1453011.0,Bachelor's Degree,Married,2,High,Yes
33,female,2,own,quite rich,18235.0,18,car,bad,1453011.0,Bachelor's Degree,Married,2,High,Yes
33,female,2,own,quite rich,18235.0,18,car,bad,1453011.0,Bachelor's Degree,Married,2,High,Yes
33,female,2,own,little,18235.0,18,car,bad,1453011.0,Bachelor's Degree,Married,2,High,Yes
42,male,2,free,rich,183347.5,36,car,good,1452868.0,Bachelor's Degree,Single,0,High,Yes
42,male,2,free,little,183347.5,36,car,good,1452868.0,Bachelor's Degree,Single,0,High,Yes
42,male,2,free,little,183347.5,36,car,good,1452868.0,Bachelor's Degree,Single,0,High,Yes
47,male,2,free,little,89302.5,24,radio/TV,good,1451134.0,Master's Degree,Married,1,Average,No
47,male,2,free,quite rich,89302.5,24,radio/TV,good,1451134.0,Master's Degree,Married,1,Average,No
47,male,2,free,little,89302.5,24,radio/TV,good,1451134.0,Master's Degree,Married,1,Average,No
22,male,2,free,little,55107.5,24,furniture/equipment,good,1444898.0,Doctorate,Single,0,Low,No
22,male,2,free,little,55107.5,24,furniture/equipment,good,1444898.0,Doctorate,Single,0,Low,No
23,female,1,own,rich,17080.0,18,car,bad,1441822.0,High School Diploma,Married,3,Average,Yes
23,female,1,own,little,17080.0,18,car,bad,1441822.0,High School Diploma,Married,3,Average,Yes
23,female,1,own,quite rich,17080.0,18,car,bad,1441822.0,High School Diploma,Married,3,Average,Yes
27,male,2,own,little,23572.5,10,radio/TV,good,1438981.0,Bachelor's Degree,Married,2,Average,Yes
36,male,3,free,little,92785.0,18,car,good,1435964.0,Associates's Degree,Single,1,Average,No
40,male,3,own,little,80902.5,15,education,bad,1434001.0,Bachelor's Degree,Single,3,Low,No
40,male,3,own,quite rich,80902.5,15,education,bad,1434001.0,Bachelor's Degree,Single,3,Low,No
19,female,2,rent,little,34650.0,9,furniture/equipment,bad,1426719.0,Bachelor's Degree,Married,2,Average,Yes
19,female,2,rent,little,34650.0,9,furniture/equipment,bad,1426719.0,Bachelor's Degree,Married,2,Average,Yes
19,female,2,rent,moderate,34650.0,9,furniture/equipment,bad,1426719.0,Bachelor's Degree,Married,2,Average,Yes
19,female,2,rent,little,34650.0,9,furniture/equipment,bad,1426719.0,Bachelor's Degree,Married,2,Average,Yes
19,female,2,rent,little,34650.0,9,furniture/equipment,bad,1426719.0,Bachelor's Degree,Married,2,Average,Yes
29,male,3,own,moderate,198240.0,24,vacation/others,bad,1425033.0,Bachelor's Degree,Single,3,Average,Yes
28,male,2,own,little,39970.0,24,radio/TV,good,1423630.0,Doctorate,Single,0,Low,Yes
32,male,2,own,little,48037.5,21,furniture/equipment,good,1421894.0,Master's Degree,Single,1,Low,Yes
23,female,2,own,little,61040.0,24,car,good,1415309.0,Associates's Degree,Married,2,High,No
23,female,2,own,little,61040.0,24,car,good,1415309.0,Associates's Degree,Married,2,High,No
21,female,2,own,little,15505.0,12,radio/TV,good,1410768.0,High School Diploma,Married,1,Average,Yes
21,female,2,own,little,15505.0,12,radio/TV,good,1410768.0,High School Diploma,Married,1,Average,Yes
37,male,2,own,little,178885.0,48,radio/TV,good,1406504.0,Associates's Degree,Married,2,Average,Yes
32,male,2,own,rich,12267.5,12,education,good,1403344.0,Master's Degree,Single,2,Average,No
54,female,3,rent,little,62440.0,15,radio/TV,good,1403199.0,High School Diploma,Married,1,High,No
54,female,3,rent,quite rich,62440.0,15,radio/TV,good,1403199.0,High School Diploma,Married,1,High,No
54,female,3,rent,little,62440.0,15,radio/TV,good,1403199.0,High School Diploma,Married,1,High,No
26,female,3,rent,moderate,79275.0,30,radio/TV,good,1398638.0,Master's Degree,Married,3,Average,Yes
26,female,3,rent,quite rich,79275.0,30,radio/TV,good,1398638.0,Master's Degree,Married,3,Average,Yes
26,female,3,rent,moderate,79275.0,30,radio/TV,good,1398638.0,Master's Degree,Married,3,Average,Yes
26,female,3,rent,quite rich,79275.0,30,radio/TV,good,1398638.0,Master's Degree,Married,3,Average,Yes
63,male,1,own,little,28962.5,12,radio/TV,good,1394491.0,Master's Degree,Married,2,Average,Yes
50,male,2,own,moderate,39217.5,21,furniture/equipment,good,1391380.0,High School Diploma,Single,0,Average,No
50,male,2,own,little,39217.5,21,furniture/equipment,good,1391380.0,High School Diploma,Single,0,Average,No
50,male,2,own,rich,39217.5,21,furniture/equipment,good,1391380.0,High School Diploma,Single,0,Average,No
56,male,2,free,little,83930.0,42,car,good,1390964.0,Master's Degree,Married,2,High,No
23,male,2,rent,little,26845.0,12,radio/TV,bad,1390285.0,High School Diploma,Single,0,Low,Yes
62,male,2,own,little,23415.0,6,domestic appliances,good,1388894.0,Master's Degree,Single,0,High,Yes
62,male,2,own,little,23415.0,6,domestic appliances,good,1388894.0,Master's Degree,Single,0,High,Yes
35,male,2,own,moderate,34632.5,15,radio/TV,good,1387127.0,Doctorate,Single,0,Average,Yes
35,male,2,own,little,34632.5,15,radio/TV,good,1387127.0,Doctorate,Single,0,Average,Yes
24,female,0,rent,little,130760.0,12,car,good,1381580.0,Doctorate,Single,0,Low,No
24,female,0,rent,little,130760.0,12,car,good,1381580.0,Doctorate,Single,0,Low,No
24,female,0,rent,little,130760.0,12,car,good,1381580.0,Doctorate,Single,0,Low,No
24,female,0,rent,little,130760.0,12,car,good,1381580.0,Doctorate,Single,0,Low,No
24,female,0,rent,little,130760.0,12,car,good,1381580.0,Doctorate,Single,0,Low,No
29,male,2,rent,little,36890.0,6,radio/TV,good,1370765.0,High School Diploma,Single,0,Average,Yes
29,male,2,rent,little,36890.0,6,radio/TV,good,1370765.0,High School Diploma,Single,0,Average,Yes
29,male,2,rent,little,36890.0,6,radio/TV,good,1370765.0,High School Diploma,Single,0,Average,Yes
24,female,2,own,little,74760.0,20,furniture/equipment,good,1370286.0,High School Diploma,Married,3,Low,No
24,female,2,own,little,74760.0,20,furniture/equipment,good,1370286.0,High School Diploma,Married,3,Low,No
24,female,2,own,little,74760.0,20,furniture/equipment,good,1370286.0,High School Diploma,Married,3,Low,No
36,female,1,own,little,27510.0,21,business,good,1369922.0,Bachelor's Degree,Single,0,Low,Yes
36,female,1,own,little,27510.0,21,business,good,1369922.0,Bachelor's Degree,Single,0,Low,Yes
26,female,3,own,little,192045.0,36,furniture/equipment,bad,1369246.0,Associates's Degree,Married,2,Average,Yes
29,female,2,own,little,9065.0,6,radio/TV,good,1368659.0,Master's Degree,Married,0,Low,Yes
28,male,2,own,little,33022.5,18,business,good,1367116.0,Bachelor's Degree,Single,1,Average,Yes
28,male,2,own,little,33022.5,18,business,good,1367116.0,Bachelor's Degree,Single,1,Average,Yes
28,male,2,own,little,33022.5,18,business,good,1367116.0,Bachelor's Degree,Single,1,Average,Yes
44,male,2,own,little,27177.5,18,furniture/equipment,bad,1360795.0,Master's Degree,Married,3,High,No
35,female,2,own,little,24167.5,24,car,bad,1356384.0,High School Diploma,Married,3,Low,No
35,female,2,own,little,24167.5,24,car,bad,1356384.0,High School Diploma,Married,3,Low,No
35,female,2,own,little,24167.5,24,car,bad,1356384.0,High School Diploma,Married,3,Low,No
29,female,1,rent,moderate,29032.5,24,radio/TV,bad,1353287.0,Master's Degree,Married,2,High,No
29,female,1,rent,rich,29032.5,24,radio/TV,bad,1353287.0,Master's Degree,Married,2,High,No
24,male,2,free,quite rich,80587.5,48,car,bad,1351266.0,Master's Degree,Married,3,High,Yes
24,male,2,free,little,80587.5,48,car,bad,1351266.0,Master's Degree,Married,3,High,Yes
37,male,2,own,little,67865.0,24,car,good,1350388.0,High School Diploma,Single,1,Average,Yes
37,male,2,own,little,67865.0,24,car,good,1350388.0,High School Diploma,Single,1,Average,Yes
37,male,2,own,little,67865.0,24,car,good,1350388.0,High School Diploma,Single,1,Average,Yes
37,male,2,own,little,67865.0,24,car,good,1350388.0,High School Diploma,Single,1,Average,Yes
37,male,2,own,little,67865.0,24,car,good,1350388.0,High School Diploma,Single,1,Average,Yes
53,male,3,free,little,137637.5,12,furniture/equipment,bad,1349679.0,Associates's Degree,Single,2,Low,No
53,male,3,free,little,137637.5,12,furniture/equipment,bad,1349679.0,Associates's Degree,Single,2,Low,No
45,male,3,own,little,150290.0,39,car,good,1349463.0,High School Diploma,Single,2,Average,Yes
45,male,3,own,little,150290.0,39,car,good,1349463.0,High School Diploma,Single,2,Average,Yes
31,male,2,own,moderate,33862.5,24,business,bad,1346504.0,Associates's Degree,Single,0,Average,Yes
26,female,1,own,little,19477.5,18,radio/TV,good,1343100.0,Bachelor's Degree,Married,0,High,No
26,female,1,own,little,19477.5,18,radio/TV,good,1343100.0,Bachelor's Degree,Married,0,High,No
26,female,1,own,quite rich,19477.5,18,radio/TV,good,1343100.0,Bachelor's Degree,Married,0,High,No
26,female,1,own,little,19477.5,18,radio/TV,good,1343100.0,Bachelor's Degree,Married,0,High,No
21,male,1,own,little,114940.0,24,business,good,1342449.0,High School Diploma,Single,1,High,No
46,male,2,own,little,32007.5,15,radio/TV,good,1341625.0,Bachelor's Degree,Single,0,Average,Yes
46,male,2,own,little,32007.5,15,radio/TV,good,1341625.0,Bachelor's Degree,Single,0,Average,Yes
37,female,2,rent,little,24535.0,12,furniture/equipment,good,1338301.0,Bachelor's Degree,Single,1,High,Yes
35,male,2,own,little,72642.5,24,furniture/equipment,good,1336731.0,High School Diploma,Married,2,Average,No
35,male,2,own,little,72642.5,24,furniture/equipment,good,1336731.0,High School Diploma,Married,2,Average,No
35,male,2,own,little,72642.5,24,furniture/equipment,good,1336731.0,High School Diploma,Married,2,Average,No
35,male,2,own,little,72642.5,24,furniture/equipment,good,1336731.0,High School Diploma,Married,2,Average,No
35,male,2,own,little,72642.5,24,furniture/equipment,good,1336731.0,High School Diploma,Married,2,Average,No
65,male,0,own,little,59395.0,42,repairs,good,1335911.0,Master's Degree,Married,0,Low,Yes
61,male,2,own,little,26460.0,15,repairs,bad,1331253.0,High School Diploma,Single,0,High,Yes
61,male,2,own,moderate,26460.0,15,repairs,bad,1331253.0,High School Diploma,Single,0,High,Yes
61,male,2,own,little,26460.0,15,repairs,bad,1331253.0,High School Diploma,Single,0,High,Yes
42,male,1,own,rich,27020.0,4,radio/TV,good,1330197.0,Bachelor's Degree,Married,1,Average,No
42,male,1,own,rich,27020.0,4,radio/TV,good,1330197.0,Bachelor's Degree,Married,1,Average,No
23,female,2,own,moderate,66710.0,15,car,good,1328855.0,High School Diploma,Single,1,Low,Yes
23,female,2,own,little,66710.0,15,car,good,1328855.0,High School Diploma,Single,1,Low,Yes
23,female,2,own,rich,66710.0,15,car,good,1328855.0,High School Diploma,Single,1,Low,Yes
20,male,2,own,little,52430.0,24,furniture/equipment,bad,1324612.0,Doctorate,Single,0,Average,No
31,male,2,own,little,107590.0,20,car,good,1322724.0,Doctorate,Married,3,High,No
31,male,2,own,moderate,107590.0,20,car,good,1322724.0,Doctorate,Married,3,High,No
32,male,2,own,moderate,46585.0,18,car,good,1322575.0,Doctorate,Married,3,High,No
32,male,2,own,little,46585.0,18,car,good,1322575.0,Doctorate,Married,3,High,No
33,male,2,rent,quite rich,39112.5,20,car,bad,1318793.0,Master's Degree,Single,2,Average,No
33,male,2,rent,little,39112.5,20,car,bad,1318793.0,Master's Degree,Single,2,Average,No
27,male,2,own,little,101570.0,24,car,good,1313256.0,High School Diploma,Single,0,High,No
27,male,2,own,little,101570.0,24,car,good,1313256.0,High School Diploma,Single,0,High,No
27,male,2,own,little,101570.0,24,car,good,1313256.0,High School Diploma,Single,0,High,No
33,female,1,rent,little,38255.0,15,furniture/equipment,good,1311525.0,Associates's Degree,Single,1,Low,Yes
36,female,2,own,little,39322.5,12,car,good,1311180.0,Associates's Degree,Single,0,High,No
36,female,2,own,little,39322.5,12,car,good,1311180.0,Associates's Degree,Single,0,High,No
36,female,2,own,little,39322.5,12,car,good,1311180.0,Associates's Degree,Single,0,High,No
27,female,2,own,little,63157.5,48,business,good,1310082.0,Doctorate,Married,3,Average,Yes
24,female,2,own,little,55825.0,18,radio/TV,bad,1308451.0,Bachelor's Degree,Single,2,Low,Yes
24,female,2,own,quite rich,55825.0,18,radio/TV,bad,1308451.0,Bachelor's Degree,Single,2,Low,Yes
30,male,2,own,little,28035.0,21,car,good,1305381.0,Associates's Degree,Single,1,Average,No
28,male,1,own,moderate,11445.0,9,car,bad,1304286.0,Bachelor's Degree,Single,1,Average,Yes
28,male,1,own,little,11445.0,9,car,bad,1304286.0,Bachelor's Degree,Single,1,Average,Yes
28,male,1,own,moderate,11445.0,9,car,bad,1304286.0,Bachelor's Degree,Single,1,Average,Yes
22,male,2,own,little,49490.0,24,furniture/equipment,good,1303274.0,Associates's Degree,Single,0,Average,No
22,male,2,own,little,49490.0,24,furniture/equipment,good,1303274.0,Associates's Degree,Single,0,Average,No
45,male,1,own,moderate,70105.0,28,car,bad,1302654.0,Associates's Degree,Married,1,Low,Yes
45,male,1,own,moderate,70105.0,28,car,bad,1302654.0,Associates's Degree,Married,1,Low,Yes
42,male,2,free,rich,110040.0,60,education,bad,1302640.0,Associates's Degree,Married,2,High,Yes
42,male,2,free,little,110040.0,60,education,bad,1302640.0,Associates's Degree,Married,2,High,Yes
25,male,2,own,little,90160.0,24,radio/TV,good,1301939.0,Doctorate,Single,2,Average,No
25,male,2,own,little,90160.0,24,radio/TV,good,1301939.0,Doctorate,Single,2,Average,No
30,male,3,own,little,31850.0,18,car,good,1298923.0,Bachelor's Degree,Single,1,Low,Yes
30,male,3,own,little,31850.0,18,car,good,1298923.0,Bachelor's Degree,Single,1,Low,Yes
30,male,3,own,little,31850.0,18,car,good,1298923.0,Bachelor's Degree,Single,1,Low,Yes
24,male,2,own,little,36400.0,6,car,good,1297874.0,Associates's Degree,Married,2,Average,Yes
60,male,2,free,little,35560.0,24,car,good,1297605.0,High School Diploma,Married,1,High,No
38,male,2,own,little,68495.0,48,business,bad,1295158.0,Bachelor's Degree,Married,3,Low,No
38,male,2,own,little,68495.0,48,business,bad,1295158.0,Bachelor's Degree,Married,3,Low,No
38,male,2,own,rich,68495.0,48,business,bad,1295158.0,Bachelor's Degree,Married,3,Low,No
38,male,2,own,little,68495.0,48,business,bad,1295158.0,Bachelor's Degree,Married,3,Low,No
38,male,2,own,little,68495.0,48,business,bad,1295158.0,Bachelor's Degree,Married,3,Low,No
45,male,3,own,little,118317.5,6,car,good,1294530.0,High School Diploma,Single,2,High,No
45,male,3,own,little,118317.5,6,car,good,1294530.0,High School Diploma,Single,2,High,No
45,male,3,own,little,118317.5,6,car,good,1294530.0,High School Diploma,Single,2,High,No
45,male,3,own,little,118317.5,6,car,good,1294530.0,High School Diploma,Single,2,High,No
43,male,2,own,little,70997.5,24,furniture/equipment,bad,1294094.0,Associates's Degree,Married,0,Low,Yes
43,male,2,own,little,70997.5,24,furniture/equipment,bad,1294094.0,Associates's Degree,Married,0,Low,Yes
43,male,2,own,moderate,70997.5,24,furniture/equipment,bad,1294094.0,Associates's Degree,Married,0,Low,Yes
46,male,2,free,moderate,110792.5,48,car,bad,1293997.0,High School Diploma,Married,1,Low,No
46,male,2,free,little,110792.5,48,car,bad,1293997.0,High School Diploma,Married,1,Low,No
60,male,3,own,little,113190.0,20,car,good,1293819.0,Doctorate,Single,1,Low,Yes
60,male,3,own,moderate,113190.0,20,car,good,1293819.0,Doctorate,Single,1,Low,Yes
60,male,3,own,little,113190.0,20,car,good,1293819.0,Doctorate,Single,1,Low,Yes
31,male,2,own,little,23800.0,15,radio/TV,good,1286134.0,Doctorate,Married,2,Average,No
26,male,2,own,little,24920.0,12,domestic appliances,good,1285516.0,High School Diploma,Married,0,High,No
42,male,2,own,little,42472.5,18,business,good,1281669.0,Master's Degree,Single,0,Average,No
42,male,2,own,moderate,42472.5,18,business,good,1281669.0,Master's Degree,Single,0,Average,No
35,male,2,own,little,37467.5,12,radio/TV,good,1279984.0,Associates's Degree,Married,2,Low,No
35,male,2,own,little,37467.5,12,radio/TV,good,1279984.0,Associates's Degree,Married,2,Low,No
35,male,2,own,little,37467.5,12,radio/TV,good,1279984.0,Associates's Degree,Married,2,Low,No
35,male,2,own,little,37467.5,12,radio/TV,good,1279984.0,Associates's Degree,Married,2,Low,No
35,male,2,own,little,37467.5,12,radio/TV,good,1279984.0,Associates's Degree,Married,2,Low,No
35,male,2,own,little,37467.5,12,radio/TV,good,1279984.0,Associates's Degree,Married,2,Low,No
27,male,3,own,little,245472.5,60,car,bad,1279034.0,Associates's Degree,Married,0,Low,No
28,female,3,own,little,51152.5,21,car,good,1276716.0,Doctorate,Single,1,Low,No
28,female,3,own,little,51152.5,21,car,good,1276716.0,Doctorate,Single,1,Low,No
28,female,3,own,little,51152.5,21,car,good,1276716.0,Doctorate,Single,1,Low,No
28,female,3,own,little,51152.5,21,car,good,1276716.0,Doctorate,Single,1,Low,No
41,male,1,own,rich,12582.5,12,education,bad,1273583.0,Bachelor's Degree,Single,1,Average,No
32,male,2,rent,little,53585.0,24,furniture/equipment,good,1272808.0,Doctorate,Single,1,Average,Yes
32,male,2,rent,little,53585.0,24,furniture/equipment,good,1272808.0,Doctorate,Single,1,Average,Yes
32,male,2,rent,moderate,53585.0,24,furniture/equipment,good,1272808.0,Doctorate,Single,1,Average,Yes
25,female,2,rent,little,23992.5,24,car,bad,1272229.0,Bachelor's Degree,Married,3,High,Yes
25,female,2,rent,little,23992.5,24,car,bad,1272229.0,Bachelor's Degree,Married,3,High,Yes
25,female,2,rent,rich,23992.5,24,car,bad,1272229.0,Bachelor's Degree,Married,3,High,Yes
25,female,2,rent,little,23992.5,24,car,bad,1272229.0,Bachelor's Degree,Married,3,High,Yes
25,female,2,rent,little,23992.5,24,car,bad,1272229.0,Bachelor's Degree,Married,3,High,Yes
25,female,2,rent,little,23992.5,24,car,bad,1272229.0,Bachelor's Degree,Married,3,High,Yes
24,female,2,own,rich,15295.0,15,domestic appliances,good,1271982.0,Doctorate,Single,3,Low,No
49,male,2,rent,rich,101517.5,12,furniture/equipment,good,1270183.0,Doctorate,Single,3,Average,No
49,male,2,rent,rich,101517.5,12,furniture/equipment,good,1270183.0,Doctorate,Single,3,Average,No
34,female,2,own,little,32235.0,36,car,bad,1268692.0,Bachelor's Degree,Single,0,Low,No
34,female,2,own,little,32235.0,36,car,bad,1268692.0,Bachelor's Degree,Single,0,Low,No
46,male,3,own,rich,119735.0,24,car,good,1268454.0,Doctorate,Married,1,Average,Yes
37,male,1,own,moderate,62387.5,12,education,good,1268349.0,Associates's Degree,Married,1,Low,No
32,male,2,own,moderate,26775.0,18,car,bad,1268124.0,Associates's Degree,Married,3,Low,Yes
48,male,1,own,little,30502.5,24,radio/TV,good,1265146.0,Bachelor's Degree,Married,0,High,No
48,male,1,own,little,30502.5,24,radio/TV,good,1265146.0,Bachelor's Degree,Married,0,High,No
48,male,1,own,little,30502.5,24,radio/TV,good,1265146.0,Bachelor's Degree,Married,0,High,No
48,male,2,free,little,162347.5,24,car,good,1262041.0,Associates's Degree,Single,0,Low,Yes
48,male,2,free,little,162347.5,24,car,good,1262041.0,Associates's Degree,Single,0,Low,Yes
25,female,2,own,moderate,21105.0,9,radio/TV,good,1258206.0,High School Diploma,Married,3,High,No
25,female,2,own,little,21105.0,9,radio/TV,good,1258206.0,High School Diploma,Married,3,High,No
25,female,2,own,little,21105.0,9,radio/TV,good,1258206.0,High School Diploma,Married,3,High,No
44,male,3,rent,moderate,59220.0,6,furniture/equipment,bad,1257676.0,Associates's Degree,Married,2,Average,No
27,male,1,own,rich,18935.0,9,radio/TV,good,1256684.0,Doctorate,Single,1,Low,No
27,male,1,own,little,18935.0,9,radio/TV,good,1256684.0,Doctorate,Single,1,Low,No
27,male,1,own,rich,18935.0,9,radio/TV,good,1256684.0,Doctorate,Single,1,Low,No
27,male,1,own,little,18935.0,9,radio/TV,good,1256684.0,Doctorate,Single,1,Low,No
61,male,1,own,moderate,21962.5,12,car,good,1254597.0,Associates's Degree,Single,0,High,No
28,female,1,own,little,13037.5,9,radio/TV,bad,1252870.0,High School Diploma,Married,0,Low,Yes
42,female,2,rent,little,34387.5,24,car,good,1251241.0,Associates's Degree,Married,3,High,No
24,male,2,own,little,31500.0,18,radio/TV,good,1249285.0,Associates's Degree,Single,1,High,Yes
24,male,2,own,little,31500.0,18,radio/TV,good,1249285.0,Associates's Degree,Single,1,High,Yes
24,male,2,own,little,31500.0,18,radio/TV,good,1249285.0,Associates's Degree,Single,1,High,Yes
24,male,2,own,little,31500.0,18,radio/TV,good,1249285.0,Associates's Degree,Single,1,High,Yes
25,male,2,own,little,96442.5,24,furniture/equipment,good,1247018.0,Bachelor's Degree,Single,3,Low,Yes
25,male,2,own,little,96442.5,24,furniture/equipment,good,1247018.0,Bachelor's Degree,Single,3,Low,Yes
25,female,2,rent,little,25077.5,15,furniture/equipment,good,1242977.0,Master's Degree,Single,2,Average,Yes
46,female,1,own,moderate,62895.0,15,car,good,1241381.0,High School Diploma,Single,0,High,Yes
46,female,1,own,little,62895.0,15,car,good,1241381.0,High School Diploma,Single,0,High,Yes
44,female,1,own,moderate,13300.0,8,radio/TV,good,1239377.0,Doctorate,Single,3,Low,No
27,male,1,own,moderate,16397.5,24,education,good,1238399.0,High School Diploma,Single,2,Low,No
27,male,1,own,little,16397.5,24,education,good,1238399.0,High School Diploma,Single,2,Low,No
22,female,2,rent,quite rich,40267.5,9,furniture/equipment,good,1234123.0,High School Diploma,Married,0,Low,No
22,female,2,rent,little,40267.5,9,furniture/equipment,good,1234123.0,High School Diploma,Married,0,Low,No
22,female,2,rent,little,40267.5,9,furniture/equipment,good,1234123.0,High School Diploma,Married,0,Low,No
28,female,2,rent,little,71977.5,24,car,bad,1233511.0,High School Diploma,Married,2,Average,No
28,female,2,rent,little,71977.5,24,car,bad,1233511.0,High School Diploma,Married,2,Average,No
28,female,2,rent,moderate,71977.5,24,car,bad,1233511.0,High School Diploma,Married,2,Average,No
28,female,2,rent,little,71977.5,24,car,bad,1233511.0,High School Diploma,Married,2,Average,No
25,male,2,own,moderate,25970.0,12,radio/TV,bad,1229805.0,Associates's Degree,Single,2,High,No
25,male,2,own,little,25970.0,12,radio/TV,bad,1229805.0,Associates's Degree,Single,2,High,No
33,male,3,own,little,77682.5,18,business,good,1228660.0,Doctorate,Married,3,High,Yes
33,male,3,own,moderate,77682.5,18,business,good,1228660.0,Doctorate,Married,3,High,Yes
38,male,3,own,little,50032.5,12,car,good,1227900.0,High School Diploma,Single,3,Average,No
38,male,3,own,quite rich,50032.5,12,car,good,1227900.0,High School Diploma,Single,3,Average,No
25,male,2,own,little,37380.0,9,furniture/equipment,good,1227554.0,High School Diploma,Single,3,Average,No
25,male,2,own,little,37380.0,9,furniture/equipment,good,1227554.0,High School Diploma,Single,3,Average,No
25,male,2,own,little,37380.0,9,furniture/equipment,good,1227554.0,High School Diploma,Single,3,Average,No
25,male,2,own,little,37380.0,9,furniture/equipment,good,1227554.0,High School Diploma,Single,3,Average,No
25,male,2,own,little,37380.0,9,furniture/equipment,good,1227554.0,High School Diploma,Single,3,Average,No
25,male,2,own,little,37380.0,9,furniture/equipment,good,1227554.0,High School Diploma,Single,3,Average,No
33,male,2,own,little,90125.0,24,furniture/equipment,good,1227219.0,Bachelor's Degree,Single,3,High,Yes
33,male,2,own,little,90125.0,24,furniture/equipment,good,1227219.0,Bachelor's Degree,Single,3,High,Yes
33,male,2,own,little,90125.0,24,furniture/equipment,good,1227219.0,Bachelor's Degree,Single,3,High,Yes
40,female,2,rent,little,52517.5,18,furniture/equipment,good,1226957.0,Bachelor's Degree,Married,1,Average,Yes
22,male,2,own,little,43452.5,24,furniture/equipment,good,1225322.0,Doctorate,Married,2,Average,No
36,male,2,free,little,14805.0,7,radio/TV,good,1224006.0,High School Diploma,Married,1,Low,No
36,male,2,free,quite rich,14805.0,7,radio/TV,good,1224006.0,High School Diploma,Married,1,Low,No
26,female,2,own,little,13352.5,12,furniture/equipment,good,1223178.0,High School Diploma,Single,2,Average,No
26,female,2,own,little,13352.5,12,furniture/equipment,good,1223178.0,High School Diploma,Single,2,Average,No
26,female,2,own,little,13352.5,12,furniture/equipment,good,1223178.0,High School Diploma,Single,2,Average,No
42,male,3,own,little,181405.0,60,car,good,1217528.0,Doctorate,Single,1,High,No
42,male,3,own,little,181405.0,60,car,good,1217528.0,Doctorate,Single,1,High,No
42,male,3,own,moderate,181405.0,60,car,good,1217528.0,Doctorate,Single,1,High,No
29,male,2,rent,moderate,206780.0,45,business,bad,1215043.0,High School Diploma,Single,1,Low,Yes
29,male,2,rent,little,206780.0,45,business,bad,1215043.0,High School Diploma,Single,1,Low,Yes
26,male,2,own,moderate,23275.0,12,car,good,1213684.0,Doctorate,Married,2,High,Yes
24,female,2,rent,rich,11410.0,12,furniture/equipment,good,1211423.0,High School Diploma,Married,0,Average,No
28,male,1,own,little,31447.5,13,business,good,1210207.0,High School Diploma,Married,1,High,No
26,male,3,own,little,56612.5,24,radio/TV,good,1207254.0,Master's Degree,Married,1,High,Yes
26,female,2,own,little,174300.0,48,furniture/equipment,bad,1207154.0,Bachelor's Degree,Single,2,High,No
26,female,2,own,little,174300.0,48,furniture/equipment,bad,1207154.0,Bachelor's Degree,Single,2,High,No
26,female,2,own,little,174300.0,48,furniture/equipment,bad,1207154.0,Bachelor's Degree,Single,2,High,No
26,female,2,own,little,174300.0,48,furniture/equipment,bad,1207154.0,Bachelor's Degree,Single,2,High,No
26,female,2,own,little,174300.0,48,furniture/equipment,bad,1207154.0,Bachelor's Degree,Single,2,High,No
26,female,2,own,little,174300.0,48,furniture/equipment,bad,1207154.0,Bachelor's Degree,Single,2,High,No
57,female,1,own,little,22015.0,24,radio/TV,good,1205882.0,Doctorate,Married,0,High,Yes
57,female,1,own,little,22015.0,24,radio/TV,good,1205882.0,Doctorate,Married,0,High,Yes
48,female,1,own,quite rich,76142.5,24,furniture/equipment,good,1205869.0,Master's Degree,Single,0,Low,Yes
48,female,1,own,little,76142.5,24,furniture/equipment,good,1205869.0,Master's Degree,Single,0,Low,Yes
48,female,1,own,little,76142.5,24,furniture/equipment,good,1205869.0,Master's Degree,Single,0,Low,Yes
48,female,1,own,little,76142.5,24,furniture/equipment,good,1205869.0,Master's Degree,Single,0,Low,Yes
30,male,3,own,little,193445.0,36,car,good,1201993.0,High School Diploma,Single,0,Average,No
32,male,2,own,little,52115.0,6,furniture/equipment,good,1201594.0,Master's Degree,Married,2,Low,No
34,male,1,own,little,30502.5,6,business,good,1198528.0,High School Diploma,Married,1,High,Yes
34,male,1,own,quite rich,30502.5,6,business,good,1198528.0,High School Diploma,Married,1,High,Yes
34,male,1,own,moderate,30502.5,6,business,good,1198528.0,High School Diploma,Married,1,High,Yes
34,male,1,own,little,30502.5,6,business,good,1198528.0,High School Diploma,Married,1,High,Yes
31,male,2,own,little,63367.5,24,radio/TV,bad,1196829.0,Bachelor's Degree,Married,1,Low,Yes
25,male,1,own,little,11987.5,12,car,bad,1195956.0,Master's Degree,Married,1,Average,Yes
25,male,1,own,little,11987.5,12,car,bad,1195956.0,Master's Degree,Married,1,Average,Yes
30,male,3,free,little,221900.0,21,car,bad,1195571.0,Doctorate,Married,0,Average,No
30,male,3,free,moderate,221900.0,21,car,bad,1195571.0,Doctorate,Married,0,Average,No
30,male,3,free,little,221900.0,21,car,bad,1195571.0,Doctorate,Married,0,Average,No
30,male,3,free,moderate,221900.0,21,car,bad,1195571.0,Doctorate,Married,0,Average,No
30,male,3,free,little,221900.0,21,car,bad,1195571.0,Doctorate,Married,0,Average,No
33,male,2,own,little,27002.5,6,furniture/equipment,good,1192973.0,Associates's Degree,Married,3,High,Yes
33,male,2,own,little,27002.5,6,furniture/equipment,good,1192973.0,Associates's Degree,Married,3,High,Yes
27,male,3,free,little,24885.0,9,car,bad,1190683.0,Doctorate,Single,3,Average,Yes
27,male,3,free,little,24885.0,9,car,bad,1190683.0,Doctorate,Single,3,Average,Yes
47,male,2,own,moderate,52797.5,30,radio/TV,good,1188488.0,Associates's Degree,Single,2,Average,Yes
47,male,2,own,little,52797.5,30,radio/TV,good,1188488.0,Associates's Degree,Single,2,Average,Yes
47,male,2,own,moderate,52797.5,30,radio/TV,good,1188488.0,Associates's Degree,Single,2,Average,Yes
40,female,2,own,little,15645.0,10,education,good,1185154.0,Doctorate,Married,3,High,No
40,female,2,own,little,15645.0,10,education,good,1185154.0,Doctorate,Married,3,High,No
28,female,2,rent,little,45552.5,24,car,good,1179332.0,High School Diploma,Single,0,Low,Yes
28,female,2,rent,rich,45552.5,24,car,good,1179332.0,High School Diploma,Single,0,Low,Yes
28,female,2,rent,little,45552.5,24,car,good,1179332.0,High School Diploma,Single,0,Low,Yes
28,female,2,rent,rich,45552.5,24,car,good,1179332.0,High School Diploma,Single,0,Low,Yes
26,male,1,own,little,74760.0,30,business,good,1179003.0,Doctorate,Single,0,Low,No
26,male,1,own,rich,74760.0,30,business,good,1179003.0,Doctorate,Single,0,Low,No
26,male,1,own,little,74760.0,30,business,good,1179003.0,Doctorate,Single,0,Low,No
28,female,3,rent,little,45605.0,21,radio/TV,good,1175633.0,Doctorate,Single,3,Average,Yes
28,female,3,rent,moderate,45605.0,21,radio/TV,good,1175633.0,Doctorate,Single,3,Average,Yes
28,female,3,rent,little,45605.0,21,radio/TV,good,1175633.0,Doctorate,Single,3,Average,Yes
28,female,3,rent,little,45605.0,21,radio/TV,good,1175633.0,Doctorate,Single,3,Average,Yes
34,female,2,own,little,77945.0,36,radio/TV,good,1175047.0,High School Diploma,Married,0,High,Yes
34,female,2,own,little,77945.0,36,radio/TV,good,1175047.0,High School Diploma,Married,0,High,Yes
44,male,2,own,little,41562.5,24,business,good,1174655.0,High School Diploma,Single,1,Average,No
44,male,2,own,rich,41562.5,24,business,good,1174655.0,High School Diploma,Single,1,Average,No
44,male,2,own,moderate,41562.5,24,business,good,1174655.0,High School Diploma,Single,1,Average,No
44,male,2,own,little,41562.5,24,business,good,1174655.0,High School Diploma,Single,1,Average,No
27,male,2,own,little,64942.5,36,education,good,1173925.0,Doctorate,Single,2,Low,No
27,male,2,own,little,64942.5,36,education,good,1173925.0,Doctorate,Single,2,Low,No
24,female,2,own,little,48790.0,15,furniture/equipment,good,1171108.0,Master's Degree,Single,3,Low,Yes
41,male,2,own,little,43802.5,30,business,good,1171028.0,High School Diploma,Married,1,High,No
41,male,2,own,little,43802.5,30,business,good,1171028.0,High School Diploma,Married,1,High,No
41,male,2,own,little,43802.5,30,business,good,1171028.0,High School Diploma,Married,1,High,No
33,female,2,rent,little,69405.0,18,car,bad,1169897.0,Doctorate,Married,0,High,Yes
33,female,2,rent,little,69405.0,18,car,bad,1169897.0,Doctorate,Married,0,High,Yes
33,female,2,rent,moderate,69405.0,18,car,bad,1169897.0,Doctorate,Married,0,High,Yes
36,male,2,own,little,53882.5,36,car,good,1168560.0,High School Diploma,Married,2,Average,Yes
36,male,2,own,little,53882.5,36,car,good,1168560.0,High School Diploma,Married,2,Average,Yes
36,male,2,own,little,53882.5,36,car,good,1168560.0,High School Diploma,Married,2,Average,Yes
47,male,2,free,little,145862.5,36,car,bad,1167052.0,High School Diploma,Married,1,Average,Yes
47,male,2,free,little,145862.5,36,car,bad,1167052.0,High School Diploma,Married,1,Average,Yes
47,male,2,free,little,145862.5,36,car,bad,1167052.0,High School Diploma,Married,1,Average,Yes
47,male,2,free,little,145862.5,36,car,bad,1167052.0,High School Diploma,Married,1,Average,Yes
29,male,3,rent,little,33267.5,24,radio/TV,good,1163901.0,Associates's Degree,Single,1,Average,No
29,male,3,rent,little,33267.5,24,radio/TV,good,1163901.0,Associates's Degree,Single,1,Average,No
29,male,3,rent,little,33267.5,24,radio/TV,good,1163901.0,Associates's Degree,Single,1,Average,No
23,male,1,rent,moderate,33880.0,18,radio/TV,good,1160874.0,Doctorate,Married,1,Average,Yes
23,male,1,rent,little,33880.0,18,radio/TV,good,1160874.0,Doctorate,Married,1,Average,Yes
23,male,1,rent,little,33880.0,18,radio/TV,good,1160874.0,Doctorate,Married,1,Average,Yes
23,male,1,rent,little,33880.0,18,radio/TV,good,1160874.0,Doctorate,Married,1,Average,Yes
23,male,1,rent,little,33880.0,18,radio/TV,good,1160874.0,Doctorate,Married,1,Average,Yes
38,male,3,own,moderate,99942.5,36,car,good,1156313.0,Master's Degree,Married,1,High,No
38,male,3,own,little,99942.5,36,car,good,1156313.0,Master's Degree,Married,1,High,No
38,male,3,own,rich,99942.5,36,car,good,1156313.0,Master's Degree,Married,1,High,No
38,male,3,own,quite rich,99942.5,36,car,good,1156313.0,Master's Degree,Married,1,High,No
38,male,3,own,little,99942.5,36,car,good,1156313.0,Master's Degree,Married,1,High,No
63,male,2,own,little,51747.5,24,car,good,1155513.0,Associates's Degree,Married,2,Low,No
63,male,2,own,quite rich,51747.5,24,car,good,1155513.0,Associates's Degree,Married,2,Low,No
28,female,3,own,little,58607.5,36,furniture/equipment,bad,1155500.0,High School Diploma,Single,2,High,Yes
28,female,3,own,little,58607.5,36,furniture/equipment,bad,1155500.0,High School Diploma,Single,2,High,Yes
28,female,3,own,little,58607.5,36,furniture/equipment,bad,1155500.0,High School Diploma,Single,2,High,Yes
28,female,3,own,little,58607.5,36,furniture/equipment,bad,1155500.0,High School Diploma,Single,2,High,Yes
28,female,2,own,quite rich,73867.5,30,business,good,1155350.0,High School Diploma,Single,3,Average,Yes
28,female,2,own,moderate,73867.5,30,business,good,1155350.0,High School Diploma,Single,3,Average,Yes
28,female,2,own,little,73867.5,30,business,good,1155350.0,High School Diploma,Single,3,Average,Yes
28,female,2,own,little,73867.5,30,business,good,1155350.0,High School Diploma,Single,3,Average,Yes
28,female,2,own,little,73867.5,30,business,good,1155350.0,High School Diploma,Single,3,Average,Yes
43,male,1,own,little,129377.5,24,car,good,1153014.0,Doctorate,Single,0,Average,No
43,male,1,own,little,129377.5,24,car,good,1153014.0,Doctorate,Single,0,Average,No
21,male,2,rent,little,30905.0,6,furniture/equipment,good,1151488.0,Master's Degree,Married,2,Low,Yes
23,female,2,rent,quite rich,124722.5,36,furniture/equipment,bad,1143071.0,Master's Degree,Married,3,Low,Yes
23,female,2,rent,little,124722.5,36,furniture/equipment,bad,1143071.0,Master's Degree,Married,3,Low,Yes
23,female,2,rent,little,124722.5,36,furniture/equipment,bad,1143071.0,Master's Degree,Married,3,Low,Yes
25,male,1,rent,little,38675.0,10,furniture/equipment,bad,1141776.0,Doctorate,Single,3,High,Yes
25,male,1,rent,rich,38675.0,10,furniture/equipment,bad,1141776.0,Doctorate,Single,3,High,Yes
20,female,2,rent,little,81812.5,12,car,good,1141596.0,Doctorate,Married,0,Average,No
45,male,2,free,little,22750.0,15,car,good,1141396.0,High School Diploma,Single,2,High,Yes
45,male,2,free,little,22750.0,15,car,good,1141396.0,High School Diploma,Single,2,High,Yes
45,male,2,free,little,22750.0,15,car,good,1141396.0,High School Diploma,Single,2,High,Yes
45,male,2,free,little,22750.0,15,car,good,1141396.0,High School Diploma,Single,2,High,Yes
29,female,2,own,little,33127.5,12,car,good,1137057.0,Associates's Degree,Single,1,Average,Yes
29,female,2,own,little,33127.5,12,car,good,1137057.0,Associates's Degree,Single,1,Average,Yes
29,female,2,own,little,33127.5,12,car,good,1137057.0,Associates's Degree,Single,1,Average,Yes
29,female,2,own,little,33127.5,12,car,good,1137057.0,Associates's Degree,Single,1,Average,Yes
47,male,2,own,little,59885.0,18,furniture/equipment,good,1136458.0,High School Diploma,Married,3,Low,Yes
36,male,3,own,little,21665.0,6,education,good,1133572.0,Doctorate,Married,3,Average,No
36,male,3,own,little,21665.0,6,education,good,1133572.0,Doctorate,Married,3,Average,No
36,male,3,own,moderate,21665.0,6,education,good,1133572.0,Doctorate,Married,3,Average,No
36,male,3,own,moderate,21665.0,6,education,good,1133572.0,Doctorate,Married,3,Average,No
32,male,2,own,little,80395.0,18,radio/TV,good,1133267.0,Bachelor's Degree,Married,2,Average,Yes
32,male,2,own,little,80395.0,18,radio/TV,good,1133267.0,Bachelor's Degree,Married,2,Average,Yes
32,male,2,own,quite rich,80395.0,18,radio/TV,good,1133267.0,Bachelor's Degree,Married,2,Average,Yes
25,female,2,own,little,100992.5,30,radio/TV,good,1132239.0,Doctorate,Married,3,Low,Yes
25,female,2,own,little,100992.5,30,radio/TV,good,1132239.0,Doctorate,Married,3,Low,Yes
26,male,2,own,little,18830.0,12,business,good,1131255.0,Associates's Degree,Married,2,Average,No
22,female,2,rent,little,32515.0,12,furniture/equipment,good,1130755.0,High School Diploma,Married,2,Average,Yes
22,female,2,rent,little,32515.0,12,furniture/equipment,good,1130755.0,High School Diploma,Married,2,Average,Yes
22,female,2,rent,rich,32515.0,12,furniture/equipment,good,1130755.0,High School Diploma,Married,2,Average,Yes
22,female,2,rent,rich,32515.0,12,furniture/equipment,good,1130755.0,High School Diploma,Married,2,Average,Yes
28,male,3,rent,rich,164465.0,36,car,bad,1128246.0,Doctorate,Married,0,High,No
28,male,3,rent,quite rich,164465.0,36,car,bad,1128246.0,Doctorate,Married,0,High,No
36,male,2,rent,little,48982.5,9,car,good,1126794.0,Master's Degree,Married,0,High,No
41,male,2,own,little,111317.5,18,furniture/equipment,good,1118781.0,Master's Degree,Married,1,Average,No
41,male,2,own,little,111317.5,18,furniture/equipment,good,1118781.0,Master's Degree,Married,1,Average,No
41,male,2,own,little,111317.5,18,furniture/equipment,good,1118781.0,Master's Degree,Married,1,Average,No
54,male,2,own,moderate,53392.5,48,domestic appliances,bad,1116577.0,Bachelor's Degree,Single,1,Low,No
54,male,2,own,moderate,53392.5,48,domestic appliances,bad,1116577.0,Bachelor's Degree,Single,1,Low,No
57,female,1,free,little,48090.0,12,education,good,1110433.0,Associates's Degree,Single,1,Average,No
57,female,1,free,little,48090.0,12,education,good,1110433.0,Associates's Degree,Single,1,Average,No
57,female,1,free,little,48090.0,12,education,good,1110433.0,Associates's Degree,Single,1,Average,No
32,male,2,free,quite rich,19880.0,9,education,bad,1104947.0,Master's Degree,Single,0,High,No
32,male,2,free,little,19880.0,9,education,bad,1104947.0,Master's Degree,Single,0,High,No
32,male,2,free,little,19880.0,9,education,bad,1104947.0,Master's Degree,Single,0,High,No
32,male,2,free,quite rich,19880.0,9,education,bad,1104947.0,Master's Degree,Single,0,High,No
23,female,2,own,little,26215.0,12,radio/TV,good,1101374.0,High School Diploma,Single,0,High,No
23,female,2,own,quite rich,26215.0,12,radio/TV,good,1101374.0,High School Diploma,Single,0,High,No
20,male,2,rent,little,10237.5,12,radio/TV,good,1100631.0,Doctorate,Married,1,Low,Yes
61,male,2,free,little,21682.5,18,education,good,1099727.0,Doctorate,Single,1,Average,No
61,male,2,free,little,21682.5,18,education,good,1099727.0,Doctorate,Single,1,Average,No
54,male,2,own,moderate,12547.5,24,car,good,1098179.0,High School Diploma,Single,0,High,Yes
35,female,2,own,quite rich,42682.5,24,radio/TV,bad,1094439.0,Master's Degree,Single,3,High,No
35,female,2,own,quite rich,42682.5,24,radio/TV,bad,1094439.0,Master's Degree,Single,3,High,No
27,male,2,own,little,40705.0,15,business,good,1090883.0,Master's Degree,Married,2,High,Yes
28,male,2,own,little,167510.0,36,business,bad,1090865.0,Bachelor's Degree,Married,0,Low,Yes
49,female,2,own,little,19110.0,12,radio/TV,good,1088524.0,Doctorate,Single,3,High,Yes
49,female,2,own,quite rich,19110.0,12,radio/TV,good,1088524.0,Doctorate,Single,3,High,Yes
49,female,2,own,little,19110.0,12,radio/TV,good,1088524.0,Doctorate,Single,3,High,Yes
49,female,2,own,little,19110.0,12,radio/TV,good,1088524.0,Doctorate,Single,3,High,Yes
49,female,2,own,little,19110.0,12,radio/TV,good,1088524.0,Doctorate,Single,3,High,Yes
49,female,2,own,little,19110.0,12,radio/TV,good,1088524.0,Doctorate,Single,3,High,Yes
28,male,2,own,little,62912.5,36,radio/TV,good,1086243.0,Master's Degree,Married,2,High,Yes
28,male,2,own,little,62912.5,36,radio/TV,good,1086243.0,Master's Degree,Married,2,High,Yes
28,male,2,own,quite rich,62912.5,36,radio/TV,good,1086243.0,Master's Degree,Married,2,High,Yes
37,female,2,own,little,22522.5,24,car,good,1079535.0,Master's Degree,Married,2,High,Yes
37,female,2,own,little,22522.5,24,car,good,1079535.0,Master's Degree,Married,2,High,Yes
30,female,2,own,little,16800.0,15,furniture/equipment,good,1076161.0,High School Diploma,Single,0,Low,Yes
65,male,2,own,little,9992.5,21,car,good,1074608.0,High School Diploma,Married,1,High,Yes
65,male,2,own,moderate,9992.5,21,car,good,1074608.0,High School Diploma,Married,1,High,Yes
30,male,2,own,little,12372.5,12,radio/TV,good,1073703.0,Doctorate,Married,0,Average,Yes
30,male,2,own,quite rich,12372.5,12,radio/TV,good,1073703.0,Doctorate,Married,0,Average,Yes
30,male,2,own,little,12372.5,12,radio/TV,good,1073703.0,Doctorate,Married,0,Average,Yes
30,male,2,own,little,12372.5,12,radio/TV,good,1073703.0,Doctorate,Married,0,Average,Yes
23,female,2,rent,moderate,43942.5,15,car,good,1073332.0,Associates's Degree,Married,2,Low,Yes
42,male,2,own,little,72677.5,18,furniture/equipment,bad,1072988.0,Doctorate,Married,2,Low,No
42,male,2,own,rich,72677.5,18,furniture/equipment,bad,1072988.0,Doctorate,Married,2,Low,No
42,male,2,own,little,72677.5,18,furniture/equipment,bad,1072988.0,Doctorate,Married,2,Low,No
42,male,2,own,little,72677.5,18,furniture/equipment,bad,1072988.0,Doctorate,Married,2,Low,No
25,female,1,own,little,23712.5,24,car,bad,1072886.0,High School Diploma,Married,0,Low,No
36,female,2,own,little,17990.0,18,car,good,1071450.0,Master's Degree,Single,1,Average,Yes
28,male,2,rent,little,108482.5,12,radio/TV,bad,1068153.0,High School Diploma,Single,2,Low,No
35,male,2,free,quite rich,25742.5,15,radio/TV,good,1067709.0,Doctorate,Single,0,Low,Yes
35,male,2,free,moderate,25742.5,15,radio/TV,good,1067709.0,Doctorate,Single,0,Low,Yes
35,male,2,free,little,25742.5,15,radio/TV,good,1067709.0,Doctorate,Single,0,Low,Yes
23,female,1,rent,little,56595.0,24,furniture/equipment,bad,1067123.0,Master's Degree,Married,3,Average,Yes
50,male,2,own,little,66097.5,24,furniture/equipment,good,1066473.0,Master's Degree,Single,0,Low,No
50,male,2,own,little,66097.5,24,furniture/equipment,good,1066473.0,Master's Degree,Single,0,Low,No
42,male,2,free,little,96127.5,36,car,good,1065997.0,Associates's Degree,Married,0,Average,Yes
42,male,2,free,little,96127.5,36,car,good,1065997.0,Associates's Degree,Married,0,Average,Yes
23,female,2,rent,moderate,27177.5,24,radio/TV,good,1065348.0,Bachelor's Degree,Single,0,Average,No
23,female,2,rent,rich,27177.5,24,radio/TV,good,1065348.0,Bachelor's Degree,Single,0,Average,No
23,female,2,rent,little,27177.5,24,radio/TV,good,1065348.0,Bachelor's Degree,Single,0,Average,No
23,female,2,rent,quite rich,27177.5,24,radio/TV,good,1065348.0,Bachelor's Degree,Single,0,Average,No
40,male,3,rent,little,33337.5,15,education,good,1062340.0,Doctorate,Married,2,Low,No
40,male,3,rent,little,33337.5,15,education,good,1062340.0,Doctorate,Married,2,Low,No
40,male,3,rent,quite rich,33337.5,15,education,good,1062340.0,Doctorate,Married,2,Low,No
37,female,1,own,little,22295.0,12,car,bad,1060681.0,Associates's Degree,Married,2,High,Yes
37,female,1,own,little,22295.0,12,car,bad,1060681.0,Associates's Degree,Married,2,High,Yes
32,male,2,own,little,40687.5,24,car,good,1058803.0,Master's Degree,Single,1,Low,Yes
32,male,2,own,little,40687.5,24,car,good,1058803.0,Master's Degree,Single,1,Low,Yes
30,male,3,own,little,33582.5,30,radio/TV,bad,1054757.0,High School Diploma,Married,0,Low,Yes
30,male,3,own,little,33582.5,30,radio/TV,bad,1054757.0,High School Diploma,Married,0,Low,Yes
30,male,3,own,little,33582.5,30,radio/TV,bad,1054757.0,High School Diploma,Married,0,Low,Yes
30,male,3,own,little,33582.5,30,radio/TV,bad,1054757.0,High School Diploma,Married,0,Low,Yes
58,male,2,own,little,32672.5,30,radio/TV,good,1054723.0,Doctorate,Single,0,Low,Yes
58,male,2,own,little,32672.5,30,radio/TV,good,1054723.0,Doctorate,Single,0,Low,Yes
58,male,2,own,little,32672.5,30,radio/TV,good,1054723.0,Doctorate,Single,0,Low,Yes
58,male,2,own,little,32672.5,30,radio/TV,good,1054723.0,Doctorate,Single,0,Low,Yes
58,male,2,own,little,32672.5,30,radio/TV,good,1054723.0,Doctorate,Single,0,Low,Yes
58,male,2,own,little,32672.5,30,radio/TV,good,1054723.0,Doctorate,Single,0,Low,Yes
40,male,3,own,quite rich,67497.5,30,car,good,1053017.0,Master's Degree,Single,0,Low,No
40,male,3,own,little,67497.5,30,car,good,1053017.0,Master's Degree,Single,0,Low,No
40,male,3,own,little,67497.5,30,car,good,1053017.0,Master's Degree,Single,0,Low,No
40,male,3,own,little,67497.5,30,car,good,1053017.0,Master's Degree,Single,0,Low,No
32,male,1,own,little,22767.5,18,radio/TV,good,1050745.0,Associates's Degree,Married,2,Average,Yes
32,male,1,own,little,22767.5,18,radio/TV,good,1050745.0,Associates's Degree,Married,2,Average,Yes
64,male,1,own,rich,67060.0,9,education,good,1048466.0,Associates's Degree,Single,3,Average,No
26,male,2,own,little,91840.0,21,car,good,1044937.0,High School Diploma,Married,1,Low,No
26,male,2,own,little,91840.0,21,car,good,1044937.0,High School Diploma,Married,1,Low,No
26,male,2,own,little,91840.0,21,car,good,1044937.0,High School Diploma,Married,1,Low,No
26,male,2,own,little,91840.0,21,car,good,1044937.0,High School Diploma,Married,1,Low,No
36,male,3,free,little,33950.0,18,radio/TV,good,1041805.0,Doctorate,Married,3,Low,No
36,male,3,free,little,33950.0,18,radio/TV,good,1041805.0,Doctorate,Married,3,Low,No
36,male,3,free,little,33950.0,18,radio/TV,good,1041805.0,Doctorate,Married,3,Low,No
36,male,3,free,little,33950.0,18,radio/TV,good,1041805.0,Doctorate,Married,3,Low,No
36,male,3,free,quite rich,33950.0,18,radio/TV,good,1041805.0,Doctorate,Married,3,Low,No
24,male,2,own,little,44957.5,39,car,good,1036790.0,Doctorate,Single,1,Low,No
24,male,2,own,little,44957.5,39,car,good,1036790.0,Doctorate,Single,1,Low,No
24,male,2,own,little,44957.5,39,car,good,1036790.0,Doctorate,Single,1,Low,No
24,male,2,own,little,44957.5,39,car,good,1036790.0,Doctorate,Single,1,Low,No
24,male,2,own,little,44957.5,39,car,good,1036790.0,Doctorate,Single,1,Low,No
24,female,2,own,little,37625.0,30,car,bad,1035673.0,Doctorate,Single,0,Average,Yes
24,female,2,own,little,37625.0,30,car,bad,1035673.0,Doctorate,Single,0,Average,Yes
24,female,2,own,little,37625.0,30,car,bad,1035673.0,Doctorate,Single,0,Average,Yes
24,female,2,own,little,37625.0,30,car,bad,1035673.0,Doctorate,Single,0,Average,Yes
24,female,2,own,rich,37625.0,30,car,bad,1035673.0,Doctorate,Single,0,Average,Yes
24,female,2,own,little,37625.0,30,car,bad,1035673.0,Doctorate,Single,0,Average,Yes
20,female,2,rent,little,38867.5,15,furniture/equipment,good,1026794.0,Associates's Degree,Married,3,High,Yes
37,female,2,own,little,10657.5,6,car,good,1026011.0,Doctorate,Single,2,Low,Yes
37,female,2,own,little,10657.5,6,car,good,1026011.0,Doctorate,Single,2,Low,Yes
37,female,2,own,little,10657.5,6,car,good,1026011.0,Doctorate,Single,2,Low,Yes
30,male,2,own,rich,35490.0,12,car,good,1025051.0,High School Diploma,Single,3,High,No
30,male,2,own,quite rich,35490.0,12,car,good,1025051.0,High School Diploma,Single,3,High,No
30,male,2,own,little,35490.0,12,car,good,1025051.0,High School Diploma,Single,3,High,No
30,male,2,own,little,35490.0,12,car,good,1025051.0,High School Diploma,Single,3,High,No
35,male,3,own,little,18375.0,6,furniture/equipment,good,1023750.0,Doctorate,Married,0,Average,No
35,male,3,own,little,18375.0,6,furniture/equipment,good,1023750.0,Doctorate,Married,0,Average,No
35,male,3,own,little,18375.0,6,furniture/equipment,good,1023750.0,Doctorate,Married,0,Average,No
35,male,3,own,little,18375.0,6,furniture/equipment,good,1023750.0,Doctorate,Married,0,Average,No
35,male,3,own,little,18375.0,6,furniture/equipment,good,1023750.0,Doctorate,Married,0,Average,No
35,male,3,own,little,18375.0,6,furniture/equipment,good,1023750.0,Doctorate,Married,0,Average,No
35,male,3,own,little,18375.0,6,furniture/equipment,good,1023750.0,Doctorate,Married,0,Average,No
23,male,2,own,little,274260.0,48,business,bad,1023035.0,Associates's Degree,Single,3,Low,Yes
60,male,2,own,moderate,33950.0,24,car,good,1021779.0,High School Diploma,Married,1,High,No
38,male,2,own,rich,6440.0,6,radio/TV,good,1020834.0,Bachelor's Degree,Single,1,High,Yes
26,female,2,own,little,24255.0,12,car,bad,1018009.0,Doctorate,Married,2,Average,Yes
26,female,2,own,little,24255.0,12,car,bad,1018009.0,Doctorate,Married,2,Average,Yes
26,female,2,own,little,24255.0,12,car,bad,1018009.0,Doctorate,Married,2,Average,Yes
26,female,2,own,little,24255.0,12,car,bad,1018009.0,Doctorate,Married,2,Average,Yes
42,female,2,own,little,88970.0,24,radio/TV,good,1016787.0,Bachelor's Degree,Single,1,High,Yes
42,female,2,own,little,88970.0,24,radio/TV,good,1016787.0,Bachelor's Degree,Single,1,High,Yes
59,female,2,rent,little,112280.0,48,business,bad,1015321.0,Doctorate,Single,2,Average,No
59,female,2,rent,little,112280.0,48,business,bad,1015321.0,Doctorate,Single,2,Average,No
65,male,2,free,moderate,45500.0,18,radio/TV,bad,1009457.0,Master's Degree,Single,2,Low,Yes
65,male,2,free,little,45500.0,18,radio/TV,bad,1009457.0,Master's Degree,Single,2,Low,Yes
65,male,2,free,little,45500.0,18,radio/TV,bad,1009457.0,Master's Degree,Single,2,Low,Yes
27,male,2,own,little,191817.5,48,radio/TV,bad,1008947.0,Associates's Degree,Single,2,Low,Yes
27,male,2,own,rich,191817.5,48,radio/TV,bad,1008947.0,Associates's Degree,Single,2,Low,Yes
27,male,2,own,little,191817.5,48,radio/TV,bad,1008947.0,Associates's Degree,Single,2,Low,Yes
46,male,2,own,little,23502.5,6,car,good,1006441.0,Bachelor's Degree,Married,3,Low,Yes
46,male,2,own,little,23502.5,6,car,good,1006441.0,Bachelor's Degree,Married,3,Low,Yes
46,male,2,own,moderate,23502.5,6,car,good,1006441.0,Bachelor's Degree,Married,3,Low,Yes
46,male,2,own,little,23502.5,6,car,good,1006441.0,Bachelor's Degree,Married,3,Low,Yes
46,male,2,own,little,23502.5,6,car,good,1006441.0,Bachelor's Degree,Married,3,Low,Yes
46,male,2,own,little,23502.5,6,car,good,1006441.0,Bachelor's Degree,Married,3,Low,Yes
59,male,2,own,little,23870.0,9,radio/TV,good,1001812.0,Bachelor's Degree,Married,3,High,No
59,male,2,own,little,23870.0,9,radio/TV,good,1001812.0,Bachelor's Degree,Married,3,High,No
59,male,2,own,little,23870.0,9,radio/TV,good,1001812.0,Bachelor's Degree,Married,3,High,No
36,male,2,own,little,22312.5,24,business,good,998858.0,High School Diploma,Single,1,Low,Yes
36,male,2,own,little,22312.5,24,business,good,998858.0,High School Diploma,Single,1,Low,Yes
36,male,2,own,little,22312.5,24,business,good,998858.0,High School Diploma,Single,1,Low,Yes
35,female,2,free,moderate,20965.0,6,education,bad,998278.0,Master's Degree,Single,3,Average,No
31,male,3,free,little,132685.0,48,vacation/others,good,994838.0,Bachelor's Degree,Single,3,Average,No
31,male,3,free,little,132685.0,48,vacation/others,good,994838.0,Bachelor's Degree,Single,3,Average,No
31,male,3,free,little,132685.0,48,vacation/others,good,994838.0,Bachelor's Degree,Single,3,Average,No
23,male,2,own,little,68477.5,36,radio/TV,good,989272.0,Associates's Degree,Married,3,Low,No
23,male,2,own,rich,68477.5,36,radio/TV,good,989272.0,Associates's Degree,Married,3,Low,No
23,male,2,own,little,68477.5,36,radio/TV,good,989272.0,Associates's Degree,Married,3,Low,No
37,male,2,own,quite rich,129657.5,36,business,good,988792.0,High School Diploma,Single,0,High,No
37,male,2,own,little,129657.5,36,business,good,988792.0,High School Diploma,Single,0,High,No
23,female,2,own,little,7840.0,6,education,bad,988330.0,High School Diploma,Single,2,High,Yes
23,female,2,own,rich,7840.0,6,education,bad,988330.0,High School Diploma,Single,2,High,Yes
48,male,3,own,little,213570.0,48,business,good,985798.0,Bachelor's Degree,Single,0,High,Yes
48,male,3,own,little,213570.0,48,business,good,985798.0,Bachelor's Degree,Single,0,High,Yes
48,male,3,own,little,213570.0,48,business,good,985798.0,Bachelor's Degree,Single,0,High,Yes
48,male,3,own,little,213570.0,48,business,good,985798.0,Bachelor's Degree,Single,0,High,Yes
48,male,3,own,moderate,213570.0,48,business,good,985798.0,Bachelor's Degree,Single,0,High,Yes
27,female,2,rent,little,16642.5,12,furniture/equipment,bad,974371.0,Master's Degree,Single,3,Average,Yes
27,female,2,rent,little,16642.5,12,furniture/equipment,bad,974371.0,Master's Degree,Single,3,Average,Yes
44,male,2,own,little,20352.5,12,car,good,974152.0,Associates's Degree,Married,2,Low,No
44,male,2,own,little,20352.5,12,car,good,974152.0,Associates's Degree,Married,2,Low,No
44,male,2,own,rich,20352.5,12,car,good,974152.0,Associates's Degree,Married,2,Low,No
44,male,2,own,little,20352.5,12,car,good,974152.0,Associates's Degree,Married,2,Low,No
31,male,1,own,little,26617.5,10,furniture/equipment,good,971504.0,Associates's Degree,Married,3,Low,Yes
31,male,1,own,little,26617.5,10,furniture/equipment,good,971504.0,Associates's Degree,Married,3,Low,Yes
34,male,3,free,little,50925.0,24,car,good,970659.0,Associates's Degree,Single,2,Average,Yes
34,male,3,free,little,50925.0,24,car,good,970659.0,Associates's Degree,Single,2,Average,Yes
23,female,1,own,little,14630.0,12,car,bad,968992.0,High School Diploma,Single,0,Low,Yes
40,male,1,own,little,68932.5,11,car,good,966743.0,Doctorate,Single,2,Low,No
46,female,1,own,rich,39392.5,12,furniture/equipment,good,965327.0,Doctorate,Single,0,Average,No
46,female,1,own,little,39392.5,12,furniture/equipment,good,965327.0,Doctorate,Single,0,Average,No
37,male,2,free,little,216807.5,36,car,bad,964573.0,Bachelor's Degree,Single,3,High,No
37,male,2,free,rich,216807.5,36,car,bad,964573.0,Bachelor's Degree,Single,3,High,No
37,male,2,free,little,216807.5,36,car,bad,964573.0,Bachelor's Degree,Single,3,High,No
23,female,1,rent,little,10517.5,4,furniture/equipment,good,962727.0,High School Diploma,Single,3,Average,Yes
23,female,1,rent,little,10517.5,4,furniture/equipment,good,962727.0,High School Diploma,Single,3,Average,Yes
23,female,1,rent,little,10517.5,4,furniture/equipment,good,962727.0,High School Diploma,Single,3,Average,Yes
40,male,0,own,little,62825.0,18,business,good,961595.0,Master's Degree,Married,1,Low,No
40,male,0,own,little,62825.0,18,business,good,961595.0,Master's Degree,Married,1,Low,No
23,female,2,rent,little,21000.0,12,education,good,960503.0,Associates's Degree,Single,1,Low,No
27,male,1,own,little,14035.0,14,car,good,957001.0,Doctorate,Married,1,Average,Yes
31,male,2,own,little,48055.0,36,furniture/equipment,bad,947533.0,Doctorate,Single,3,Average,Yes
31,male,2,own,little,48055.0,36,furniture/equipment,bad,947533.0,Doctorate,Single,3,Average,Yes
54,female,0,own,quite rich,11760.0,6,car,good,947042.0,Bachelor's Degree,Single,3,Average,No
27,male,3,own,little,110495.0,24,vacation/others,good,946720.0,Doctorate,Single,3,High,Yes
27,male,3,own,rich,110495.0,24,vacation/others,good,946720.0,Doctorate,Single,3,High,Yes
27,male,3,own,little,110495.0,24,vacation/others,good,946720.0,Doctorate,Single,3,High,Yes
27,male,3,own,little,110495.0,24,vacation/others,good,946720.0,Doctorate,Single,3,High,Yes
46,male,3,own,little,133507.5,48,business,good,941549.0,Master's Degree,Single,0,Average,No
26,female,2,own,little,48370.0,33,business,good,941466.0,Associates's Degree,Single,1,High,Yes
26,female,2,own,little,48370.0,33,business,good,941466.0,Associates's Degree,Single,1,High,Yes
26,female,2,own,little,48370.0,33,business,good,941466.0,Associates's Degree,Single,1,High,Yes
35,female,1,own,little,187635.0,47,car,good,937101.0,Bachelor's Degree,Single,3,Low,Yes
74,female,3,free,little,89757.5,9,car,bad,936589.0,Doctorate,Single,1,Average,Yes
74,female,3,free,quite rich,89757.5,9,car,bad,936589.0,Doctorate,Single,1,Average,Yes
23,male,1,own,little,44100.0,27,radio/TV,bad,933099.0,Bachelor's Degree,Married,2,High,Yes
23,male,1,own,little,44100.0,27,radio/TV,bad,933099.0,Bachelor's Degree,Married,2,High,Yes
33,female,2,own,little,33722.5,24,education,good,932433.0,Bachelor's Degree,Married,1,High,No
33,female,2,own,little,33722.5,24,education,good,932433.0,Bachelor's Degree,Married,1,High,No
22,male,2,own,moderate,23292.5,12,radio/TV,bad,931997.0,Doctorate,Married,3,High,No
22,male,2,own,little,23292.5,12,radio/TV,bad,931997.0,Doctorate,Married,3,High,No
22,male,2,own,quite rich,23292.5,12,radio/TV,bad,931997.0,Doctorate,Married,3,High,No
22,male,2,own,little,23292.5,12,radio/TV,bad,931997.0,Doctorate,Married,3,High,No
26,male,2,rent,rich,47022.5,15,business,good,931332.0,Associates's Degree,Married,1,Average,No
26,male,2,rent,little,47022.5,15,business,good,931332.0,Associates's Degree,Married,1,Average,No
26,male,2,rent,little,47022.5,15,business,good,931332.0,Associates's Degree,Married,1,Average,No
26,male,2,rent,moderate,47022.5,15,business,good,931332.0,Associates's Degree,Married,1,Average,No
40,male,2,own,little,27737.5,24,furniture/equipment,good,930970.0,Doctorate,Married,1,High,Yes
40,male,2,own,quite rich,27737.5,24,furniture/equipment,good,930970.0,Doctorate,Married,1,High,Yes
21,male,1,own,little,22557.5,12,furniture/equipment,good,929895.0,Master's Degree,Single,0,High,No
21,male,1,own,little,22557.5,12,furniture/equipment,good,929895.0,Master's Degree,Single,0,High,No
21,male,1,own,little,22557.5,12,furniture/equipment,good,929895.0,Master's Degree,Single,0,High,No
38,male,2,own,little,104195.0,30,radio/TV,good,926612.0,Associates's Degree,Married,3,High,No
38,male,2,own,moderate,104195.0,30,radio/TV,good,926612.0,Associates's Degree,Married,3,High,No
38,male,2,own,rich,104195.0,30,radio/TV,good,926612.0,Associates's Degree,Married,3,High,No
24,female,2,rent,little,21122.5,24,car,bad,924602.0,Bachelor's Degree,Married,3,High,No
24,female,2,rent,little,21122.5,24,car,bad,924602.0,Bachelor's Degree,Married,3,High,No
24,female,1,own,rich,21490.0,12,car,bad,923003.0,Associates's Degree,Single,0,Low,Yes
21,female,2,rent,little,19705.0,18,radio/TV,good,921434.0,Doctorate,Married,1,High,No
21,female,2,rent,little,19705.0,18,radio/TV,good,921434.0,Doctorate,Married,1,High,No
35,male,1,own,little,76650.0,18,car,good,913857.0,Doctorate,Married,3,Low,No
35,male,1,own,little,76650.0,18,car,good,913857.0,Doctorate,Married,3,Low,No
36,male,2,own,little,70735.0,42,furniture/equipment,good,912855.0,Associates's Degree,Married,0,Low,Yes
36,male,2,own,moderate,70735.0,42,furniture/equipment,good,912855.0,Associates's Degree,Married,0,Low,Yes
48,female,1,rent,little,31412.5,18,radio/TV,good,905953.0,Associates's Degree,Single,0,Average,Yes
48,female,1,rent,little,31412.5,18,radio/TV,good,905953.0,Associates's Degree,Single,0,Average,Yes
32,male,3,own,little,11007.5,18,radio/TV,good,897903.0,Bachelor's Degree,Single,3,Low,Yes
32,male,3,own,moderate,11007.5,18,radio/TV,good,897903.0,Bachelor's Degree,Single,3,Low,Yes
23,male,2,rent,little,58940.0,15,car,good,892356.0,Master's Degree,Single,0,Low,Yes
23,male,2,rent,little,58940.0,15,car,good,892356.0,Master's Degree,Single,0,Low,Yes
32,male,2,own,little,39777.5,36,education,good,891090.0,Associates's Degree,Married,0,High,No
66,male,3,own,little,33390.0,30,business,bad,882942.0,High School Diploma,Single,2,Average,No
51,male,2,free,little,131442.5,18,car,bad,880296.0,Master's Degree,Married,1,Low,No
26,male,2,own,little,144007.5,36,car,bad,878739.0,Associates's Degree,Married,0,Average,No
26,male,2,own,moderate,144007.5,36,car,bad,878739.0,Associates's Degree,Married,0,Average,No
26,male,2,own,little,144007.5,36,car,bad,878739.0,Associates's Degree,Married,0,Average,No
28,female,2,own,little,31797.5,18,furniture/equipment,good,878335.0,Bachelor's Degree,Married,1,High,Yes
28,female,2,own,moderate,31797.5,18,furniture/equipment,good,878335.0,Bachelor's Degree,Married,1,High,Yes
53,female,3,own,little,130987.5,30,car,bad,876066.0,Master's Degree,Single,3,High,Yes
21,male,2,own,little,273927.5,60,radio/TV,good,873970.0,Master's Degree,Married,1,Low,Yes
21,male,2,own,little,273927.5,60,radio/TV,good,873970.0,Master's Degree,Married,1,Low,Yes
21,male,2,own,little,273927.5,60,radio/TV,good,873970.0,Master's Degree,Married,1,Low,Yes
40,male,3,own,little,129045.0,18,furniture/equipment,good,871779.0,Master's Degree,Married,3,High,Yes
40,male,3,own,quite rich,129045.0,18,furniture/equipment,good,871779.0,Master's Degree,Married,3,High,Yes
45,male,1,own,little,22522.5,10,car,good,868539.0,Master's Degree,Married,1,Average,No
35,female,2,own,little,27860.0,12,furniture/equipment,good,862530.0,High School Diploma,Married,2,Low,Yes
35,female,2,own,little,27860.0,12,furniture/equipment,good,862530.0,High School Diploma,Married,2,Low,Yes
35,female,2,own,quite rich,27860.0,12,furniture/equipment,good,862530.0,High School Diploma,Married,2,Low,Yes
36,male,2,own,moderate,41300.0,15,car,good,862256.0,Associates's Degree,Single,1,Low,No
31,female,2,own,little,34247.5,6,radio/TV,good,862248.0,Bachelor's Degree,Married,1,High,No
31,female,2,own,little,34247.5,6,radio/TV,good,862248.0,Bachelor's Degree,Married,1,High,No
63,male,3,free,little,240730.0,60,car,good,862032.0,Doctorate,Single,1,High,No
63,male,3,free,little,240730.0,60,car,good,862032.0,Doctorate,Single,1,High,No
63,male,3,free,little,240730.0,60,car,good,862032.0,Doctorate,Single,1,High,No
63,male,3,free,little,240730.0,60,car,good,862032.0,Doctorate,Single,1,High,No
36,male,3,own,quite rich,57312.5,21,car,good,861123.0,High School Diploma,Single,2,Low,Yes
43,male,2,free,little,23327.5,24,car,bad,860344.0,Doctorate,Single,3,Low,No
43,male,2,free,quite rich,23327.5,24,car,bad,860344.0,Doctorate,Single,3,Low,No
39,male,3,rent,little,58537.5,24,furniture/equipment,bad,853240.0,Master's Degree,Single,1,Low,No
39,male,3,rent,little,58537.5,24,furniture/equipment,bad,853240.0,Master's Degree,Single,1,Low,No
39,male,3,rent,little,58537.5,24,furniture/equipment,bad,853240.0,Master's Degree,Single,1,Low,No
39,male,3,rent,little,58537.5,24,furniture/equipment,bad,853240.0,Master's Degree,Single,1,Low,No
27,male,1,own,little,129815.0,60,radio/TV,good,851667.0,Associates's Degree,Married,2,Low,Yes
27,male,1,own,moderate,129815.0,60,radio/TV,good,851667.0,Associates's Degree,Married,2,Low,Yes
27,male,1,own,little,129815.0,60,radio/TV,good,851667.0,Associates's Degree,Married,2,Low,Yes
26,male,1,own,little,10325.0,6,radio/TV,good,851221.0,Bachelor's Degree,Single,3,High,Yes
26,male,1,own,little,10325.0,6,radio/TV,good,851221.0,Bachelor's Degree,Single,3,High,Yes
42,male,2,own,little,9135.0,12,radio/TV,good,848176.0,High School Diploma,Single,2,High,No
42,male,2,own,little,9135.0,12,radio/TV,good,848176.0,High School Diploma,Single,2,High,No
42,male,2,own,little,9135.0,12,radio/TV,good,848176.0,High School Diploma,Single,2,High,No
50,female,1,own,moderate,18322.5,6,education,good,846754.0,High School Diploma,Single,3,Average,No
50,female,1,own,little,18322.5,6,education,good,846754.0,High School Diploma,Single,3,Average,No
24,male,1,own,little,65852.5,21,car,good,842055.0,High School Diploma,Single,3,Average,Yes
31,female,2,own,little,118265.0,48,radio/TV,bad,835766.0,Bachelor's Degree,Married,0,Average,Yes
31,female,2,own,little,118265.0,48,radio/TV,bad,835766.0,Bachelor's Degree,Married,0,Average,Yes
23,female,2,rent,little,148242.5,18,education,good,835690.0,Master's Degree,Married,3,High,Yes
23,female,2,rent,little,148242.5,18,education,good,835690.0,Master's Degree,Married,3,High,Yes
23,female,2,rent,moderate,148242.5,18,education,good,835690.0,Master's Degree,Married,3,High,Yes
49,male,2,own,little,19705.0,9,radio/TV,good,834864.0,Associates's Degree,Single,1,High,Yes
49,male,2,own,little,19705.0,9,radio/TV,good,834864.0,Associates's Degree,Single,1,High,Yes
49,male,2,own,little,19705.0,9,radio/TV,good,834864.0,Associates's Degree,Single,1,High,Yes
49,male,2,own,rich,19705.0,9,radio/TV,good,834864.0,Associates's Degree,Single,1,High,Yes
29,male,2,own,rich,25147.5,9,car,bad,834636.0,High School Diploma,Single,3,Average,No
29,male,2,own,quite rich,25147.5,9,car,bad,834636.0,High School Diploma,Single,3,Average,No
45,female,1,own,little,53357.5,18,furniture/equipment,good,833889.0,Associates's Degree,Single,2,High,Yes
75,male,3,free,little,115762.5,24,car,good,829233.0,High School Diploma,Single,0,High,Yes
75,male,3,free,little,115762.5,24,car,good,829233.0,High School Diploma,Single,0,High,Yes
36,male,3,free,rich,212957.5,48,car,good,826838.0,Bachelor's Degree,Married,3,Average,No
36,male,3,free,little,212957.5,48,car,good,826838.0,Bachelor's Degree,Married,3,Average,No
23,male,2,own,little,15750.0,12,car,bad,825265.0,High School Diploma,Married,2,Average,Yes
23,male,2,own,little,15750.0,12,car,bad,825265.0,High School Diploma,Married,2,Average,Yes
23,male,2,own,little,15750.0,12,car,bad,825265.0,High School Diploma,Married,2,Average,Yes
21,male,1,rent,moderate,34772.5,24,radio/TV,bad,822283.0,Bachelor's Degree,Married,0,High,Yes
21,male,1,rent,moderate,34772.5,24,radio/TV,bad,822283.0,Bachelor's Degree,Married,0,High,Yes
21,male,1,rent,little,34772.5,24,radio/TV,bad,822283.0,Bachelor's Degree,Married,0,High,Yes
68,male,2,rent,little,118317.5,18,car,bad,820648.0,Doctorate,Married,3,High,No
68,male,2,rent,little,118317.5,18,car,bad,820648.0,Doctorate,Married,3,High,No
20,male,2,own,little,22977.5,9,furniture/equipment,good,819679.0,Doctorate,Married,0,Low,No
62,female,2,free,little,65747.5,24,car,good,815998.0,Doctorate,Married,0,Average,Yes
62,female,2,free,little,65747.5,24,car,good,815998.0,Doctorate,Married,0,Average,Yes
41,female,1,own,moderate,4375.0,6,car,good,814525.0,Associates's Degree,Married,0,Low,No
41,female,1,own,moderate,4375.0,6,car,good,814525.0,Associates's Degree,Married,0,Low,No
41,female,1,own,little,4375.0,6,car,good,814525.0,Associates's Degree,Married,0,Low,No
35,male,1,own,little,81882.5,24,car,good,813652.0,Bachelor's Degree,Married,1,Low,No
35,male,1,own,little,81882.5,24,car,good,813652.0,Bachelor's Degree,Married,1,Low,No
47,male,1,own,little,12792.5,8,car,good,808451.0,Master's Degree,Married,0,Average,Yes
47,male,1,own,little,12792.5,8,car,good,808451.0,Master's Degree,Married,0,Average,Yes
33,male,2,own,little,24745.0,8,radio/TV,good,807389.0,Bachelor's Degree,Married,3,Average,Yes
46,male,3,own,rich,43330.0,21,car,good,800789.0,High School Diploma,Single,0,High,Yes
40,male,1,own,little,23817.5,6,car,good,799650.0,Bachelor's Degree,Single,1,Low,Yes
40,male,1,own,little,23817.5,6,car,good,799650.0,Bachelor's Degree,Single,1,Low,Yes
29,male,2,own,little,46007.5,20,vacation/others,good,798152.0,Bachelor's Degree,Single,0,Low,No
29,male,2,own,rich,46007.5,20,vacation/others,good,798152.0,Bachelor's Degree,Single,0,Low,No
43,male,2,rent,little,84752.5,12,car,bad,797227.0,Doctorate,Single,2,Average,Yes
28,male,2,rent,little,63297.5,12,furniture/equipment,good,787813.0,Doctorate,Married,0,High,Yes
28,male,2,rent,little,63297.5,12,furniture/equipment,good,787813.0,Doctorate,Married,0,High,Yes
28,male,2,rent,moderate,63297.5,12,furniture/equipment,good,787813.0,Doctorate,Married,0,High,Yes
28,male,2,rent,little,63297.5,12,furniture/equipment,good,787813.0,Doctorate,Married,0,High,Yes
28,male,2,rent,little,63297.5,12,furniture/equipment,good,787813.0,Doctorate,Married,0,High,Yes
27,female,0,own,little,13125.0,18,education,bad,785714.0,Doctorate,Single,2,Low,No
27,female,0,own,little,13125.0,18,education,bad,785714.0,Doctorate,Single,2,Low,No
27,female,0,own,little,13125.0,18,education,bad,785714.0,Doctorate,Single,2,Low,No
28,male,2,own,little,37485.0,11,business,good,783981.0,High School Diploma,Single,3,Average,No
46,male,2,own,little,45692.5,24,radio/TV,good,782692.0,Bachelor's Degree,Married,2,Low,Yes
46,male,2,own,little,45692.5,24,radio/TV,good,782692.0,Bachelor's Degree,Married,2,Low,Yes
46,male,2,own,little,45692.5,24,radio/TV,good,782692.0,Bachelor's Degree,Married,2,Low,Yes
46,male,2,own,moderate,45692.5,24,radio/TV,good,782692.0,Bachelor's Degree,Married,2,Low,Yes
46,male,2,own,moderate,45692.5,24,radio/TV,good,782692.0,Bachelor's Degree,Married,2,Low,Yes
25,male,2,own,little,22015.0,24,business,good,782082.0,Bachelor's Degree,Married,0,Low,No
25,female,3,own,little,141137.5,36,education,bad,781078.0,Doctorate,Married,1,Low,No
25,female,3,own,moderate,141137.5,36,education,bad,781078.0,Doctorate,Married,1,Low,No
36,male,2,own,quite rich,30117.5,15,car,good,779551.0,High School Diploma,Single,1,Average,No
36,male,2,own,little,30117.5,15,car,good,779551.0,High School Diploma,Single,1,Average,No
36,male,2,own,little,30117.5,15,car,good,779551.0,High School Diploma,Single,1,Average,No
30,female,2,own,little,146265.0,48,car,good,776882.0,Master's Degree,Married,3,Average,No
30,female,2,own,little,146265.0,48,car,good,776882.0,Master's Degree,Married,3,Average,No
30,female,2,own,moderate,146265.0,48,car,good,776882.0,Master's Degree,Married,3,Average,No
30,female,2,own,moderate,146265.0,48,car,good,776882.0,Master's Degree,Married,3,Average,No
27,male,1,own,little,22907.5,10,car,bad,774828.0,Master's Degree,Married,2,Average,No
27,male,1,own,little,22907.5,10,car,bad,774828.0,Master's Degree,Married,2,Average,No
27,male,1,own,quite rich,22907.5,10,car,bad,774828.0,Master's Degree,Married,2,Average,No
27,male,1,own,little,22907.5,10,car,bad,774828.0,Master's Degree,Married,2,Average,No
27,male,1,own,little,22907.5,10,car,bad,774828.0,Master's Degree,Married,2,Average,No
26,female,1,rent,little,62982.5,21,furniture/equipment,good,773214.0,Master's Degree,Single,3,High,No
26,female,1,rent,little,62982.5,21,furniture/equipment,good,773214.0,Master's Degree,Single,3,High,No
26,female,1,rent,little,62982.5,21,furniture/equipment,good,773214.0,Master's Degree,Single,3,High,No
26,female,1,rent,rich,62982.5,21,furniture/equipment,good,773214.0,Master's Degree,Single,3,High,No
26,female,1,rent,little,62982.5,21,furniture/equipment,good,773214.0,Master's Degree,Single,3,High,No
42,male,1,own,moderate,25462.5,4,car,good,772791.0,Associates's Degree,Single,1,Low,No
26,male,2,own,little,15872.5,8,business,good,769559.0,Doctorate,Single,0,Low,Yes
26,male,2,own,rich,15872.5,8,business,good,769559.0,Doctorate,Single,0,Low,Yes
37,female,2,rent,little,134487.5,48,business,bad,767561.0,High School Diploma,Single,2,Average,Yes
37,female,2,rent,moderate,134487.5,48,business,bad,767561.0,High School Diploma,Single,2,Average,Yes
31,male,1,own,little,24675.0,12,education,good,763866.0,High School Diploma,Single,3,High,No
31,male,1,own,little,24675.0,12,education,good,763866.0,High School Diploma,Single,3,High,No
27,male,2,own,little,62160.0,24,furniture/equipment,bad,761712.0,Doctorate,Single,0,Low,Yes
50,female,2,free,little,46742.5,36,radio/TV,bad,759012.0,High School Diploma,Single,2,Low,No
50,female,2,free,little,46742.5,36,radio/TV,bad,759012.0,High School Diploma,Single,2,Low,No
20,male,2,own,little,11795.0,12,radio/TV,bad,756729.0,Doctorate,Single,1,High,No
24,female,2,rent,little,27195.0,6,radio/TV,good,749246.0,High School Diploma,Married,3,Average,Yes
48,female,1,free,little,21700.0,10,car,bad,748085.0,Associates's Degree,Single,2,High,No
48,female,1,free,little,21700.0,10,car,bad,748085.0,Associates's Degree,Single,2,High,No
49,male,1,own,little,22085.0,12,furniture/equipment,good,747872.0,High School Diploma,Single,0,High,No
37,male,3,own,moderate,82460.0,24,business,good,741595.0,Doctorate,Married,3,High,No
37,male,3,own,rich,82460.0,24,business,good,741595.0,Doctorate,Married,3,High,No
37,male,3,own,little,82460.0,24,business,good,741595.0,Doctorate,Married,3,High,No
66,female,1,own,little,13825.0,9,radio/TV,good,741180.0,High School Diploma,Single,1,Low,Yes
66,female,1,own,moderate,13825.0,9,radio/TV,good,741180.0,High School Diploma,Single,1,Low,Yes
35,male,2,own,little,17080.0,12,radio/TV,good,739548.0,Doctorate,Single,1,Low,Yes
35,male,2,own,little,17080.0,12,radio/TV,good,739548.0,Doctorate,Single,1,Low,Yes
29,female,2,own,little,11952.5,6,radio/TV,good,736688.0,High School Diploma,Married,1,High,Yes
29,female,2,own,little,11952.5,6,radio/TV,good,736688.0,High School Diploma,Married,1,High,Yes
29,female,2,own,little,11952.5,6,radio/TV,good,736688.0,High School Diploma,Married,1,High,Yes
28,male,2,own,little,53550.0,48,radio/TV,bad,735546.0,Doctorate,Married,0,Low,No
28,male,2,own,moderate,53550.0,48,radio/TV,bad,735546.0,Doctorate,Married,0,Low,No
32,male,1,free,rich,25235.0,18,car,bad,728025.0,Associates's Degree,Married,3,High,No
32,male,1,free,little,25235.0,18,car,bad,728025.0,Associates's Degree,Married,3,High,No
32,male,1,free,little,25235.0,18,car,bad,728025.0,Associates's Degree,Married,3,High,No
32,male,1,free,little,25235.0,18,car,bad,728025.0,Associates's Degree,Married,3,High,No
27,female,2,own,little,20737.5,12,business,good,726959.0,Doctorate,Single,1,Average,Yes
27,female,2,own,moderate,20737.5,12,business,good,726959.0,Doctorate,Single,1,Average,Yes
27,female,2,own,little,20737.5,12,business,good,726959.0,Doctorate,Single,1,Average,Yes
29,male,2,own,quite rich,50680.0,24,radio/TV,good,726253.0,Master's Degree,Single,2,Average,Yes
29,male,2,own,little,50680.0,24,radio/TV,good,726253.0,Master's Degree,Single,2,Average,Yes
43,male,1,own,little,23520.0,12,car,good,722591.0,Bachelor's Degree,Married,1,Average,No
43,male,1,own,little,23520.0,12,car,good,722591.0,Bachelor's Degree,Married,1,Average,No
23,female,1,own,little,62527.5,12,radio/TV,good,719274.0,Doctorate,Single,2,High,Yes
23,female,1,own,little,62527.5,12,radio/TV,good,719274.0,Doctorate,Single,2,High,Yes
27,male,2,own,little,19267.5,12,car,good,711508.0,Bachelor's Degree,Single,1,High,Yes
27,male,2,own,little,19267.5,12,car,good,711508.0,Bachelor's Degree,Single,1,High,Yes
28,female,2,rent,little,46042.5,15,car,bad,710704.0,Master's Degree,Married,3,High,Yes
28,female,2,rent,little,46042.5,15,car,bad,710704.0,Master's Degree,Married,3,High,Yes
28,female,2,rent,little,46042.5,15,car,bad,710704.0,Master's Degree,Married,3,High,Yes
23,male,2,own,quite rich,15435.0,13,radio/TV,good,709213.0,Associates's Degree,Married,2,Low,Yes
57,male,1,own,quite rich,12407.5,12,radio/TV,bad,705599.0,Doctorate,Married,2,Low,No
22,female,2,rent,little,7577.5,18,radio/TV,bad,704860.0,Doctorate,Single,0,Low,No
22,female,2,rent,little,7577.5,18,radio/TV,bad,704860.0,Doctorate,Single,0,Low,No
30,male,1,own,quite rich,35490.0,24,furniture/equipment,good,702755.0,High School Diploma,Single,3,Average,Yes
30,male,1,own,little,35490.0,24,furniture/equipment,good,702755.0,High School Diploma,Single,3,Average,Yes
26,male,2,own,moderate,22942.5,24,radio/TV,good,702340.0,Bachelor's Degree,Single,2,Average,Yes
49,male,1,own,little,63980.0,30,radio/TV,good,700217.0,Doctorate,Single,1,High,No
49,male,1,own,little,63980.0,30,radio/TV,good,700217.0,Doctorate,Single,1,High,No
49,male,1,own,little,63980.0,30,radio/TV,good,700217.0,Doctorate,Single,1,High,No
42,female,3,free,little,145565.0,27,business,bad,699377.0,High School Diploma,Married,0,Low,Yes
42,female,3,free,little,145565.0,27,business,bad,699377.0,High School Diploma,Married,0,Low,Yes
45,male,2,own,little,190312.5,36,car,good,695546.0,Associates's Degree,Married,0,High,Yes
33,male,1,own,moderate,45132.5,12,car,bad,694082.0,High School Diploma,Single,0,High,Yes
37,male,1,own,little,23520.0,24,car,bad,690724.0,Bachelor's Degree,Single,1,Low,Yes
37,male,1,own,little,23520.0,24,car,bad,690724.0,Bachelor's Degree,Single,1,Low,Yes
27,female,2,own,moderate,6002.5,6,domestic appliances,good,688488.0,High School Diploma,Single,3,High,No
27,female,2,own,moderate,6002.5,6,domestic appliances,good,688488.0,High School Diploma,Single,3,High,No
53,female,2,own,little,13912.5,12,education,bad,684764.0,Associates's Degree,Married,1,Average,No
53,female,2,own,quite rich,13912.5,12,education,bad,684764.0,Associates's Degree,Married,1,Average,No
32,female,1,own,little,16292.5,6,car,bad,684038.0,Master's Degree,Married,3,Low,No
32,female,1,own,little,16292.5,6,car,bad,684038.0,Master's Degree,Married,3,Low,No
32,male,1,own,little,79205.0,27,furniture/equipment,good,681377.0,Master's Degree,Married,1,High,No
32,male,1,own,little,79205.0,27,furniture/equipment,good,681377.0,Master's Degree,Married,1,High,No
32,male,1,own,moderate,79205.0,27,furniture/equipment,good,681377.0,Master's Degree,Married,1,High,No
33,male,2,own,moderate,25795.0,24,car,good,678072.0,Bachelor's Degree,Single,3,Average,Yes
33,female,1,own,moderate,55912.5,9,car,good,677836.0,Associates's Degree,Married,3,Low,No
33,female,1,own,moderate,55912.5,9,car,good,677836.0,Associates's Degree,Married,3,Low,No
28,male,2,own,little,16432.5,12,car,bad,677477.0,Bachelor's Degree,Married,2,Low,No
28,male,2,own,little,16432.5,12,car,bad,677477.0,Bachelor's Degree,Married,2,Low,No
23,female,2,own,little,17430.0,12,repairs,good,670976.0,Master's Degree,Married,2,Low,Yes
23,female,2,own,quite rich,17430.0,12,repairs,good,670976.0,Master's Degree,Married,2,Low,Yes
23,female,2,own,little,17430.0,12,repairs,good,670976.0,Master's Degree,Married,2,Low,Yes
35,male,2,free,little,155015.0,48,car,good,666166.0,High School Diploma,Single,3,High,Yes
35,male,2,free,little,155015.0,48,car,good,666166.0,High School Diploma,Single,3,High,Yes
35,male,2,free,quite rich,155015.0,48,car,good,666166.0,High School Diploma,Single,3,High,Yes
35,male,2,free,little,155015.0,48,car,good,666166.0,High School Diploma,Single,3,High,Yes
34,male,2,own,little,48282.5,12,furniture/equipment,good,665911.0,Bachelor's Degree,Married,3,Average,No
34,male,2,own,moderate,48282.5,12,furniture/equipment,good,665911.0,Bachelor's Degree,Married,3,Average,No
34,male,2,own,little,48282.5,12,furniture/equipment,good,665911.0,Bachelor's Degree,Married,3,Average,No
19,female,1,rent,little,17202.5,12,furniture/equipment,good,664565.0,Doctorate,Single,1,Average,Yes
19,female,1,rent,moderate,17202.5,12,furniture/equipment,good,664565.0,Doctorate,Single,1,Average,Yes
19,female,1,rent,little,17202.5,12,furniture/equipment,good,664565.0,Doctorate,Single,1,Average,Yes
53,male,2,free,moderate,124582.5,48,furniture/equipment,bad,664322.0,Master's Degree,Single,1,High,No
26,male,2,own,little,23537.5,18,radio/TV,bad,657042.0,Doctorate,Married,1,Average,Yes
26,male,2,own,rich,23537.5,18,radio/TV,bad,657042.0,Doctorate,Married,1,Average,Yes
25,female,2,rent,little,32935.0,18,radio/TV,bad,651489.0,Bachelor's Degree,Married,0,Low,No
28,male,2,own,little,24727.5,24,radio/TV,good,651094.0,Master's Degree,Single,1,Low,Yes
74,male,3,own,little,79205.0,24,business,good,649880.0,High School Diploma,Single,1,Low,No
74,male,3,own,little,79205.0,24,business,good,649880.0,High School Diploma,Single,1,Low,No
74,male,3,own,little,79205.0,24,business,good,649880.0,High School Diploma,Single,1,Low,No
26,male,2,own,quite rich,33845.0,12,radio/TV,good,649103.0,Master's Degree,Married,1,High,Yes
26,male,2,own,little,33845.0,12,radio/TV,good,649103.0,Master's Degree,Married,1,High,Yes
24,female,2,rent,little,37170.0,18,furniture/equipment,bad,648382.0,Master's Degree,Married,3,High,Yes
24,female,2,rent,little,37170.0,18,furniture/equipment,bad,648382.0,Master's Degree,Married,3,High,Yes
24,female,2,rent,quite rich,37170.0,18,furniture/equipment,bad,648382.0,Master's Degree,Married,3,High,Yes
44,male,2,free,little,96372.5,24,repairs,good,644110.0,Bachelor's Degree,Married,3,High,Yes
44,male,2,free,moderate,96372.5,24,repairs,good,644110.0,Bachelor's Degree,Married,3,High,Yes
26,male,3,own,little,78102.5,36,radio/TV,bad,641310.0,High School Diploma,Married,1,Average,Yes
27,male,2,own,quite rich,34912.5,12,car,good,639894.0,Doctorate,Married,2,Average,No
27,male,2,own,moderate,34912.5,12,car,good,639894.0,Doctorate,Married,2,Average,No
27,male,2,own,little,34912.5,12,car,good,639894.0,Doctorate,Married,2,Average,No
31,female,1,own,little,30380.0,12,furniture/equipment,good,638121.0,Bachelor's Degree,Single,1,Low,Yes
31,female,1,own,moderate,30380.0,12,furniture/equipment,good,638121.0,Bachelor's Degree,Single,1,Low,Yes
29,female,2,own,quite rich,58747.5,21,radio/TV,good,637819.0,Doctorate,Single,1,Average,Yes
29,female,2,own,little,58747.5,21,radio/TV,good,637819.0,Doctorate,Single,1,Average,Yes
29,female,2,own,little,58747.5,21,radio/TV,good,637819.0,Doctorate,Single,1,Average,Yes
29,female,2,own,quite rich,58747.5,21,radio/TV,good,637819.0,Doctorate,Single,1,Average,Yes
29,female,2,own,moderate,58747.5,21,radio/TV,good,637819.0,Doctorate,Single,1,Average,Yes
29,female,2,own,little,58747.5,21,radio/TV,good,637819.0,Doctorate,Single,1,Average,Yes
29,female,2,own,moderate,58747.5,21,radio/TV,good,637819.0,Doctorate,Single,1,Average,Yes
29,female,2,own,little,58747.5,21,radio/TV,good,637819.0,Doctorate,Single,1,Average,Yes
24,female,1,rent,little,202825.0,48,car,bad,636895.0,Doctorate,Single,0,Average,Yes
26,female,2,own,rich,65607.5,24,furniture/equipment,good,634855.0,Associates's Degree,Single,2,High,Yes
26,female,2,own,rich,65607.5,24,furniture/equipment,good,634855.0,Associates's Degree,Single,2,High,Yes
35,male,1,own,moderate,46970.0,24,radio/TV,good,632080.0,Associates's Degree,Married,1,High,No
22,female,1,rent,rich,22015.0,12,furniture/equipment,good,631018.0,High School Diploma,Married,1,Low,Yes
22,female,1,rent,little,22015.0,12,furniture/equipment,good,631018.0,High School Diploma,Married,1,Low,Yes
22,female,1,rent,moderate,22015.0,12,furniture/equipment,good,631018.0,High School Diploma,Married,1,Low,Yes
22,female,1,rent,little,22015.0,12,furniture/equipment,good,631018.0,High School Diploma,Married,1,Low,Yes
22,female,1,rent,little,22015.0,12,furniture/equipment,good,631018.0,High School Diploma,Married,1,Low,Yes
22,female,1,rent,little,22015.0,12,furniture/equipment,good,631018.0,High School Diploma,Married,1,Low,Yes
26,female,2,own,rich,30012.5,30,radio/TV,good,624665.0,Bachelor's Degree,Single,0,Low,Yes
27,female,2,own,little,25357.5,9,business,good,618023.0,High School Diploma,Single,3,High,Yes
27,female,2,own,little,25357.5,9,business,good,618023.0,High School Diploma,Single,3,High,Yes
22,female,2,own,moderate,12967.5,12,domestic appliances,bad,615925.0,Associates's Degree,Single,0,High,Yes
26,male,2,own,little,21017.5,24,car,good,615708.0,Master's Degree,Single,1,High,Yes
37,female,2,own,quite rich,63210.0,18,furniture/equipment,good,612794.0,High School Diploma,Single,2,Low,No
37,female,2,own,little,63210.0,18,furniture/equipment,good,612794.0,High School Diploma,Single,2,Low,No
34,female,3,own,little,26267.5,9,education,bad,612238.0,Bachelor's Degree,Single,3,High,Yes
34,female,3,own,little,26267.5,9,education,bad,612238.0,Bachelor's Degree,Single,3,High,Yes
34,female,3,own,little,26267.5,9,education,bad,612238.0,Bachelor's Degree,Single,3,High,Yes
38,female,0,own,quite rich,16205.0,12,car,good,611715.0,Associates's Degree,Single,1,Low,No
38,female,0,own,little,16205.0,12,car,good,611715.0,Associates's Degree,Single,1,Low,No
56,female,2,own,little,26915.0,6,education,good,610704.0,Doctorate,Married,1,Low,Yes
21,female,2,rent,little,44975.0,27,car,bad,609986.0,Doctorate,Married,3,High,Yes
21,female,2,rent,little,44975.0,27,car,bad,609986.0,Doctorate,Married,3,High,Yes
28,female,2,own,little,24080.0,24,radio/TV,good,606713.0,Doctorate,Married,2,Low,Yes
28,female,2,own,quite rich,39865.0,18,car,bad,605154.0,Associates's Degree,Married,1,Average,No
27,female,1,own,little,63752.5,15,furniture/equipment,good,604915.0,High School Diploma,Married,3,Average,Yes
27,female,1,own,little,63752.5,15,furniture/equipment,good,604915.0,High School Diploma,Married,3,Average,Yes
27,female,1,own,little,63752.5,15,furniture/equipment,good,604915.0,High School Diploma,Married,3,Average,Yes
40,male,2,own,moderate,53847.5,30,radio/TV,good,602385.0,Bachelor's Degree,Married,3,Average,No
31,female,3,own,little,48685.0,21,car,good,602106.0,High School Diploma,Single,0,Average,No
31,female,3,own,little,48685.0,21,car,good,602106.0,High School Diploma,Single,0,Average,No
20,male,3,rent,little,19372.5,12,radio/TV,good,599986.0,Bachelor's Degree,Single,1,Low,Yes
20,male,3,rent,little,19372.5,12,radio/TV,good,599986.0,Bachelor's Degree,Single,1,Low,Yes
22,male,2,rent,little,54110.0,24,radio/TV,bad,591276.0,Doctorate,Single,2,Low,Yes
22,male,2,rent,little,54110.0,24,radio/TV,bad,591276.0,Doctorate,Single,2,Low,Yes
22,male,2,rent,little,54110.0,24,radio/TV,bad,591276.0,Doctorate,Single,2,Low,Yes
23,female,0,rent,little,65765.0,24,radio/TV,good,591089.0,Bachelor's Degree,Married,2,Average,Yes
23,female,0,rent,little,65765.0,24,radio/TV,good,591089.0,Bachelor's Degree,Married,2,Average,Yes
23,female,0,rent,little,65765.0,24,radio/TV,good,591089.0,Bachelor's Degree,Married,2,Average,Yes
23,female,0,rent,little,65765.0,24,radio/TV,good,591089.0,Bachelor's Degree,Married,2,Average,Yes
36,male,2,rent,little,68337.5,11,car,good,589862.0,High School Diploma,Single,1,Average,Yes
36,male,2,rent,quite rich,68337.5,11,car,good,589862.0,High School Diploma,Single,1,Average,Yes
33,male,2,own,moderate,32392.5,24,radio/TV,good,582264.0,Bachelor's Degree,Married,1,Average,No
35,female,2,own,little,22592.5,12,radio/TV,good,581831.0,Bachelor's Degree,Married,0,High,Yes
35,female,2,own,quite rich,22592.5,12,radio/TV,good,581831.0,Bachelor's Degree,Married,0,High,Yes
35,female,2,own,little,22592.5,12,radio/TV,good,581831.0,Bachelor's Degree,Married,0,High,Yes
37,male,2,own,little,63350.0,36,furniture/equipment,good,577421.0,Bachelor's Degree,Single,1,High,No
37,male,2,own,little,63350.0,36,furniture/equipment,good,577421.0,Bachelor's Degree,Single,1,High,No
37,male,2,own,little,63350.0,36,furniture/equipment,good,577421.0,Bachelor's Degree,Single,1,High,No
31,male,2,own,little,111125.0,30,furniture/equipment,bad,576083.0,Bachelor's Degree,Married,3,Average,Yes
25,male,1,own,little,19915.0,9,radio/TV,good,569770.0,Master's Degree,Married,2,Low,No
25,male,1,own,little,19915.0,9,radio/TV,good,569770.0,Master's Degree,Married,2,Low,No
25,male,1,own,moderate,19915.0,9,radio/TV,good,569770.0,Master's Degree,Married,2,Low,No
25,male,1,own,little,19915.0,9,radio/TV,good,569770.0,Master's Degree,Married,2,Low,No
25,male,0,own,little,43277.5,18,furniture/equipment,bad,568798.0,Bachelor's Degree,Single,0,Low,Yes
25,male,0,own,rich,43277.5,18,furniture/equipment,bad,568798.0,Bachelor's Degree,Single,0,Low,Yes
25,male,0,own,little,43277.5,18,furniture/equipment,bad,568798.0,Bachelor's Degree,Single,0,Low,Yes
25,male,0,own,little,43277.5,18,furniture/equipment,bad,568798.0,Bachelor's Degree,Single,0,Low,Yes
37,male,2,own,moderate,61862.5,36,car,good,566676.0,Associates's Degree,Married,2,Low,Yes
37,male,2,own,moderate,61862.5,36,car,good,566676.0,Associates's Degree,Married,2,Low,Yes
31,male,3,own,little,156572.5,36,car,good,565031.0,Master's Degree,Married,3,High,No
31,male,3,own,little,156572.5,36,car,good,565031.0,Master's Degree,Married,3,High,No
31,male,3,own,little,156572.5,36,car,good,565031.0,Master's Degree,Married,3,High,No
42,male,3,own,little,141505.0,36,car,bad,562347.0,Doctorate,Single,3,Low,No
42,male,3,own,little,141505.0,36,car,bad,562347.0,Doctorate,Single,3,Low,No
60,male,2,own,moderate,39305.0,12,furniture/equipment,bad,561532.0,Master's Degree,Single,1,Low,No
26,male,2,own,little,33687.5,24,furniture/equipment,good,554848.0,Bachelor's Degree,Single,3,Low,Yes
26,male,2,own,quite rich,33687.5,24,furniture/equipment,good,554848.0,Bachelor's Degree,Single,3,Low,Yes
24,female,2,own,rich,21647.5,8,furniture/equipment,bad,553465.0,Doctorate,Single,0,High,No
24,female,2,own,little,21647.5,8,furniture/equipment,bad,553465.0,Doctorate,Single,0,High,No
35,male,2,own,little,45080.0,7,radio/TV,good,548954.0,High School Diploma,Single,2,Low,Yes
36,male,3,own,little,22365.0,24,radio/TV,good,547965.0,High School Diploma,Married,3,High,No
36,male,3,own,moderate,22365.0,24,radio/TV,good,547965.0,High School Diploma,Married,3,High,No
26,female,2,own,little,42070.0,18,radio/TV,good,546708.0,High School Diploma,Single,1,Average,No
26,female,2,own,little,42070.0,18,radio/TV,good,546708.0,High School Diploma,Single,1,Average,No
26,female,2,own,moderate,42070.0,18,radio/TV,good,546708.0,High School Diploma,Single,1,Average,No
26,female,2,own,little,42070.0,18,radio/TV,good,546708.0,High School Diploma,Single,1,Average,No
26,female,2,own,moderate,42070.0,18,radio/TV,good,546708.0,High School Diploma,Single,1,Average,No
45,female,1,own,little,67112.5,36,radio/TV,good,545718.0,Associates's Degree,Married,0,High,Yes
35,male,2,own,little,48177.5,9,radio/TV,good,544828.0,Bachelor's Degree,Single,3,Low,No
35,male,2,own,moderate,48177.5,9,radio/TV,good,544828.0,Bachelor's Degree,Single,3,Low,No
35,male,2,own,little,48177.5,9,radio/TV,good,544828.0,Bachelor's Degree,Single,3,Low,No
60,female,3,free,rich,258685.0,60,vacation/others,bad,544551.0,High School Diploma,Single,0,Low,No
34,male,3,own,little,23397.5,9,radio/TV,bad,541561.0,Master's Degree,Married,2,High,Yes
46,female,2,rent,little,32287.5,15,furniture/equipment,good,540915.0,Master's Degree,Married,1,Low,No
25,male,1,own,little,15155.0,18,radio/TV,good,535778.0,High School Diploma,Married,2,High,No
35,male,2,own,little,41055.0,24,car,good,534636.0,High School Diploma,Single,2,Low,No
35,male,2,own,rich,41055.0,24,car,good,534636.0,High School Diploma,Single,2,Low,No
30,male,2,rent,little,30450.0,6,radio/TV,good,533448.0,Associates's Degree,Married,2,High,No
30,male,2,rent,little,30450.0,6,radio/TV,good,533448.0,Associates's Degree,Married,2,High,No
38,male,2,free,little,116917.5,48,business,good,531478.0,Doctorate,Married,2,Average,Yes
38,male,2,free,little,116917.5,48,business,good,531478.0,Doctorate,Married,2,Average,Yes
38,male,2,free,little,116917.5,48,business,good,531478.0,Doctorate,Married,2,Average,Yes
34,male,2,free,little,114222.5,60,car,good,530077.0,Bachelor's Degree,Single,2,Average,No
24,male,1,rent,little,27055.0,24,radio/TV,bad,529756.0,Bachelor's Degree,Married,3,Average,Yes
34,male,3,own,little,119875.0,15,car,bad,526933.0,High School Diploma,Single,3,Low,No
34,male,3,own,rich,119875.0,15,car,bad,526933.0,High School Diploma,Single,3,Low,No
34,male,3,own,little,119875.0,15,car,bad,526933.0,High School Diploma,Single,3,Low,No
29,female,2,own,moderate,16012.5,24,car,bad,523986.0,Bachelor's Degree,Married,2,High,Yes
24,male,2,own,little,168507.5,36,car,bad,522824.0,Master's Degree,Single,3,Average,No
24,male,2,own,little,168507.5,36,car,bad,522824.0,Master's Degree,Single,3,Average,No
64,female,2,own,little,24657.5,13,radio/TV,good,520144.0,Master's Degree,Single,3,Average,Yes
64,female,2,own,moderate,24657.5,13,radio/TV,good,520144.0,Master's Degree,Single,3,Average,Yes
64,female,2,own,little,24657.5,13,radio/TV,good,520144.0,Master's Degree,Single,3,Average,Yes
36,male,2,own,little,38167.5,30,car,good,517640.0,High School Diploma,Single,3,Low,Yes
36,male,2,own,little,38167.5,30,car,good,517640.0,High School Diploma,Single,3,Low,Yes
36,male,2,own,little,38167.5,30,car,good,517640.0,High School Diploma,Single,3,Low,Yes
36,male,2,own,little,38167.5,30,car,good,517640.0,High School Diploma,Single,3,Low,Yes
36,male,2,own,little,38167.5,30,car,good,517640.0,High School Diploma,Single,3,Low,Yes
36,male,2,own,little,38167.5,30,car,good,517640.0,High School Diploma,Single,3,Low,Yes
36,male,2,own,quite rich,38167.5,30,car,good,517640.0,High School Diploma,Single,3,Low,Yes
31,male,2,own,little,78277.5,36,radio/TV,good,515668.0,High School Diploma,Single,2,High,No
33,male,2,own,moderate,41282.5,24,furniture/equipment,bad,512157.0,Doctorate,Single,0,Low,Yes
33,male,2,own,little,41282.5,24,furniture/equipment,bad,512157.0,Doctorate,Single,0,Low,Yes
33,male,2,own,moderate,41282.5,24,furniture/equipment,bad,512157.0,Doctorate,Single,0,Low,Yes
33,male,2,own,little,41282.5,24,furniture/equipment,bad,512157.0,Doctorate,Single,0,Low,Yes
20,female,1,rent,little,47565.0,24,car,bad,510877.0,High School Diploma,Single,0,Average,No
20,female,1,rent,little,47565.0,24,car,bad,510877.0,High School Diploma,Single,0,Average,No
46,male,2,own,little,41090.0,36,furniture/equipment,good,509922.0,Master's Degree,Married,3,High,No
46,male,2,own,little,41090.0,36,furniture/equipment,good,509922.0,Master's Degree,Married,3,High,No
46,male,2,own,little,41090.0,36,furniture/equipment,good,509922.0,Master's Degree,Married,3,High,No
49,male,2,free,little,51870.0,24,car,good,508890.0,High School Diploma,Married,3,Average,Yes
49,male,2,free,little,51870.0,24,car,good,508890.0,High School Diploma,Married,3,Average,Yes
65,female,0,own,little,19215.0,18,radio/TV,good,508213.0,Associates's Degree,Married,2,Low,No
65,female,0,own,little,19215.0,18,radio/TV,good,508213.0,Associates's Degree,Married,2,Low,No
49,male,1,own,little,54670.0,12,car,good,505500.0,Associates's Degree,Single,3,Low,Yes
30,female,2,own,little,28350.0,12,furniture/equipment,good,500086.0,Master's Degree,Single,3,Low,Yes
30,female,2,own,little,28350.0,12,furniture/equipment,good,500086.0,Master's Degree,Single,3,Low,Yes
30,female,2,own,rich,28350.0,12,furniture/equipment,good,500086.0,Master's Degree,Single,3,Low,Yes
38,female,2,own,rich,26827.5,24,radio/TV,good,499535.0,Bachelor's Degree,Single,1,Low,Yes
38,female,2,own,little,26827.5,24,radio/TV,good,499535.0,Bachelor's Degree,Single,1,Low,Yes
38,female,2,own,little,26827.5,24,radio/TV,good,499535.0,Bachelor's Degree,Single,1,Low,Yes
38,female,2,own,little,26827.5,24,radio/TV,good,499535.0,Bachelor's Degree,Single,1,Low,Yes
38,female,2,own,little,26827.5,24,radio/TV,good,499535.0,Bachelor's Degree,Single,1,Low,Yes
34,male,1,free,little,67270.0,48,business,bad,495891.0,Bachelor's Degree,Single,3,Average,No
34,male,1,free,little,67270.0,48,business,bad,495891.0,Bachelor's Degree,Single,3,Average,No
34,male,1,free,little,67270.0,48,business,bad,495891.0,Bachelor's Degree,Single,3,Average,No
34,male,1,free,little,67270.0,48,business,bad,495891.0,Bachelor's Degree,Single,3,Average,No
24,male,1,own,little,38745.0,12,radio/TV,good,494647.0,Doctorate,Married,0,Average,Yes
24,male,1,own,little,38745.0,12,radio/TV,good,494647.0,Doctorate,Married,0,Average,Yes
26,male,2,own,rich,24185.0,24,business,good,493433.0,High School Diploma,Single,0,Low,No
26,male,2,own,little,24185.0,24,business,good,493433.0,High School Diploma,Single,0,Low,No
42,male,2,own,little,58292.5,12,furniture/equipment,good,493049.0,Master's Degree,Married,3,High,Yes
38,male,2,own,little,14070.0,12,radio/TV,good,491419.0,High School Diploma,Single,3,High,No
38,male,2,own,little,14070.0,12,radio/TV,good,491419.0,High School Diploma,Single,3,High,No
55,male,2,own,little,120260.0,24,furniture/equipment,bad,491012.0,Bachelor's Degree,Single,3,High,Yes
55,male,2,own,little,120260.0,24,furniture/equipment,bad,491012.0,Bachelor's Degree,Single,3,High,Yes
23,male,2,rent,little,22697.5,12,radio/TV,good,487463.0,Doctorate,Single,3,High,Yes
23,male,2,rent,little,22697.5,12,radio/TV,good,487463.0,Doctorate,Single,3,High,Yes
43,female,1,own,little,26530.0,24,radio/TV,good,484043.0,Bachelor's Degree,Married,1,High,Yes
39,male,2,free,moderate,180197.5,48,car,bad,481616.0,Doctorate,Single,1,Average,No
32,male,2,own,moderate,80202.5,30,furniture/equipment,good,472359.0,Bachelor's Degree,Married,1,Low,Yes
30,male,2,own,little,139405.0,26,car,good,472358.0,Associates's Degree,Single,2,Average,No
30,male,2,own,little,139405.0,26,car,good,472358.0,Associates's Degree,Single,2,Average,No
30,male,2,own,little,139405.0,26,car,good,472358.0,Associates's Degree,Single,2,Average,No
30,male,2,own,little,139405.0,26,car,good,472358.0,Associates's Degree,Single,2,Average,No
30,male,2,own,little,139405.0,26,car,good,472358.0,Associates's Degree,Single,2,Average,No
50,male,2,own,little,27545.0,12,furniture/equipment,good,472291.0,High School Diploma,Single,0,Low,No
50,male,2,own,little,27545.0,12,furniture/equipment,good,472291.0,High School Diploma,Single,0,Low,No
27,male,1,own,little,20440.0,12,car,good,469372.0,Doctorate,Single,2,High,No
27,male,1,own,moderate,20440.0,12,car,good,469372.0,Doctorate,Single,2,High,No
25,female,1,own,little,46042.5,15,repairs,good,466424.0,High School Diploma,Single,2,Low,Yes
25,female,1,own,little,46042.5,15,repairs,good,466424.0,High School Diploma,Single,2,Low,Yes
25,female,1,own,little,46042.5,15,repairs,good,466424.0,High School Diploma,Single,2,Low,Yes
25,female,1,own,little,46042.5,15,repairs,good,466424.0,High School Diploma,Single,2,Low,Yes
31,male,2,own,little,63892.5,12,car,good,466053.0,Master's Degree,Married,2,High,Yes
31,male,2,own,little,63892.5,12,car,good,466053.0,Master's Degree,Married,2,High,Yes
55,female,3,own,little,24920.0,12,furniture/equipment,good,462016.0,Bachelor's Degree,Single,0,Low,No
28,male,2,own,little,21857.5,24,car,good,461297.0,Master's Degree,Single,2,High,Yes
40,male,3,own,little,23765.0,24,vacation/others,bad,459841.0,High School Diploma,Married,3,Average,No
38,male,3,free,moderate,185902.5,30,car,good,457714.0,Bachelor's Degree,Single,1,Low,Yes
23,female,1,own,little,36767.5,13,radio/TV,good,455283.0,Doctorate,Married,0,Average,Yes
29,female,2,own,little,87552.5,21,car,bad,451264.0,Master's Degree,Married,3,Average,Yes
29,female,2,own,little,87552.5,21,car,bad,451264.0,Master's Degree,Married,3,Average,Yes
37,male,1,own,moderate,37065.0,9,radio/TV,good,444239.0,Associates's Degree,Married,0,Average,No
37,male,1,own,little,37065.0,9,radio/TV,good,444239.0,Associates's Degree,Married,0,Average,No
37,male,1,own,little,37065.0,9,radio/TV,good,444239.0,Associates's Degree,Married,0,Average,No
37,male,1,own,moderate,37065.0,9,radio/TV,good,444239.0,Associates's Degree,Married,0,Average,No
37,male,1,own,quite rich,37065.0,9,radio/TV,good,444239.0,Associates's Degree,Married,0,Average,No
42,male,2,own,little,45097.5,12,furniture/equipment,good,443475.0,Associates's Degree,Single,0,High,No
42,male,2,own,little,45097.5,12,furniture/equipment,good,443475.0,Associates's Degree,Single,0,High,No
42,male,2,own,moderate,45097.5,12,furniture/equipment,good,443475.0,Associates's Degree,Single,0,High,No
31,male,2,own,little,48562.5,18,car,bad,440598.0,Associates's Degree,Married,3,Average,No
39,female,2,own,little,20790.0,21,business,bad,433290.0,Bachelor's Degree,Married,2,High,Yes
38,male,2,own,little,13195.0,12,education,good,431245.0,High School Diploma,Married,1,High,No
40,female,2,own,quite rich,23135.0,11,car,good,430546.0,Doctorate,Married,3,Low,No
40,female,2,own,little,23135.0,11,car,good,430546.0,Doctorate,Married,3,Low,No
40,female,2,own,little,23135.0,11,car,good,430546.0,Doctorate,Married,3,Low,No
29,male,2,own,quite rich,90632.5,36,furniture/equipment,bad,429394.0,Associates's Degree,Single,3,High,Yes
28,male,2,own,quite rich,72957.5,24,furniture/equipment,good,428840.0,Doctorate,Married,2,High,Yes
28,male,2,own,little,72957.5,24,furniture/equipment,good,428840.0,Doctorate,Married,2,High,Yes
54,female,2,rent,little,130060.0,36,car,good,427630.0,Associates's Degree,Single,1,High,No
54,female,2,rent,little,130060.0,36,car,good,427630.0,Associates's Degree,Single,1,High,No
54,female,2,rent,moderate,130060.0,36,car,good,427630.0,Associates's Degree,Single,1,High,No
54,female,2,rent,little,130060.0,36,car,good,427630.0,Associates's Degree,Single,1,High,No
50,male,2,own,little,27282.5,24,business,good,427581.0,Doctorate,Single,0,High,No
33,male,2,own,little,53007.5,15,car,good,427252.0,Associates's Degree,Married,3,Average,No
33,male,2,own,little,53007.5,15,car,good,427252.0,Associates's Degree,Married,3,Average,No
33,male,2,own,rich,53007.5,15,car,good,427252.0,Associates's Degree,Married,3,Average,No
47,male,1,own,little,23030.0,15,radio/TV,good,424832.0,Bachelor's Degree,Single,0,Average,Yes
47,male,1,own,little,23030.0,15,radio/TV,good,424832.0,Bachelor's Degree,Single,0,Average,Yes
47,male,1,own,little,23030.0,15,radio/TV,good,424832.0,Bachelor's Degree,Single,0,Average,Yes
47,male,1,own,quite rich,23030.0,15,radio/TV,good,424832.0,Bachelor's Degree,Single,0,Average,Yes
47,male,1,own,little,23030.0,15,radio/TV,good,424832.0,Bachelor's Degree,Single,0,Average,Yes
47,male,1,own,moderate,23030.0,15,radio/TV,good,424832.0,Bachelor's Degree,Single,0,Average,Yes
47,male,1,own,little,23030.0,15,radio/TV,good,424832.0,Bachelor's Degree,Single,0,Average,Yes
39,female,1,own,rich,11655.0,6,car,good,421823.0,Associates's Degree,Single,0,High,No
50,male,2,rent,little,21630.0,6,car,good,421088.0,Bachelor's Degree,Single,0,High,Yes
50,male,2,rent,quite rich,21630.0,6,car,good,421088.0,Bachelor's Degree,Single,0,High,Yes
27,male,3,free,moderate,160247.5,60,radio/TV,good,416764.0,Bachelor's Degree,Single,0,Low,No
22,female,2,own,little,29225.0,9,radio/TV,bad,415232.0,Associates's Degree,Single,2,Average,No
22,female,2,own,little,29225.0,9,radio/TV,bad,415232.0,Associates's Degree,Single,2,Average,No
22,female,2,own,little,29225.0,9,radio/TV,bad,415232.0,Associates's Degree,Single,2,Average,No
30,male,3,own,little,77962.5,36,business,bad,414710.0,Master's Degree,Married,3,Average,No
30,male,3,own,little,77962.5,36,business,bad,414710.0,Master's Degree,Married,3,Average,No
30,male,3,own,little,77962.5,36,business,bad,414710.0,Master's Degree,Married,3,Average,No
30,male,3,own,little,77962.5,36,business,bad,414710.0,Master's Degree,Married,3,Average,No
22,female,1,own,little,14105.0,15,business,good,414243.0,Bachelor's Degree,Married,2,Low,Yes
22,female,1,own,little,14105.0,15,business,good,414243.0,Bachelor's Degree,Married,2,Low,Yes
22,female,1,own,little,14105.0,15,business,good,414243.0,Bachelor's Degree,Married,2,Low,Yes
22,female,1,own,moderate,14105.0,15,business,good,414243.0,Bachelor's Degree,Married,2,Low,Yes
22,female,2,rent,moderate,23905.0,9,radio/TV,bad,412820.0,High School Diploma,Married,2,Low,No
22,female,2,rent,little,23905.0,9,radio/TV,bad,412820.0,High School Diploma,Married,2,Low,No
22,female,2,rent,little,23905.0,9,radio/TV,bad,412820.0,High School Diploma,Married,2,Low,No
22,male,1,rent,little,4830.0,9,car,good,411287.0,Master's Degree,Married,1,Low,Yes
31,male,1,own,little,33740.0,18,furniture/equipment,bad,409756.0,Doctorate,Married,1,Average,No
74,male,1,own,little,60340.0,5,business,good,407917.0,Associates's Degree,Single,2,Average,No
22,male,2,own,quite rich,26495.0,15,repairs,good,407084.0,High School Diploma,Single,2,High,No
22,male,2,own,little,26495.0,15,repairs,good,407084.0,High School Diploma,Single,2,High,No
22,male,2,own,little,26495.0,15,repairs,good,407084.0,High School Diploma,Single,2,High,No
22,male,2,own,little,26495.0,15,repairs,good,407084.0,High School Diploma,Single,2,High,No
55,male,2,free,little,27212.5,12,repairs,bad,390938.0,Master's Degree,Married,0,Average,Yes
26,male,2,own,little,73675.0,36,radio/TV,bad,389898.0,Associates's Degree,Married,3,High,No
26,male,2,own,little,73675.0,36,radio/TV,bad,389898.0,Associates's Degree,Married,3,High,No
26,male,2,own,moderate,73675.0,36,radio/TV,bad,389898.0,Associates's Degree,Married,3,High,No
26,male,2,own,little,73675.0,36,radio/TV,bad,389898.0,Associates's Degree,Married,3,High,No
26,male,2,own,quite rich,73675.0,36,radio/TV,bad,389898.0,Associates's Degree,Married,3,High,No
24,male,2,own,quite rich,162242.5,36,car,bad,386839.0,High School Diploma,Married,1,Low,Yes
24,male,2,own,little,162242.5,36,car,bad,386839.0,High School Diploma,Married,1,Low,Yes
24,male,2,own,little,162242.5,36,car,bad,386839.0,High School Diploma,Married,1,Low,Yes
24,male,2,own,moderate,162242.5,36,car,bad,386839.0,High School Diploma,Married,1,Low,Yes
24,male,2,own,little,162242.5,36,car,bad,386839.0,High School Diploma,Married,1,Low,Yes
43,male,2,own,rich,21052.5,6,car,good,384370.0,Associates's Degree,Married,2,Low,Yes
43,male,2,own,little,21052.5,6,car,good,384370.0,Associates's Degree,Married,2,Low,Yes
31,male,2,rent,quite rich,55317.5,24,business,bad,382189.0,Doctorate,Married,0,High,No
31,male,2,rent,little,55317.5,24,business,bad,382189.0,Doctorate,Married,0,High,No
42,female,2,own,little,66570.0,36,radio/TV,bad,374326.0,Master's Degree,Single,2,High,Yes
42,female,2,own,little,66570.0,36,radio/TV,bad,374326.0,Master's Degree,Single,2,High,Yes
42,female,2,own,little,66570.0,36,radio/TV,bad,374326.0,Master's Degree,Single,2,High,Yes
23,female,2,rent,little,37555.0,10,furniture/equipment,good,373954.0,Bachelor's Degree,Single,0,Average,No
23,female,2,rent,little,37555.0,10,furniture/equipment,good,373954.0,Bachelor's Degree,Single,0,Average,No
23,female,2,rent,little,37555.0,10,furniture/equipment,good,373954.0,Bachelor's Degree,Single,0,Average,No
23,female,2,rent,quite rich,37555.0,10,furniture/equipment,good,373954.0,Bachelor's Degree,Single,0,Average,No
27,male,2,own,little,67375.0,18,car,good,365790.0,Master's Degree,Married,3,High,Yes
27,male,2,own,little,67375.0,18,car,good,365790.0,Master's Degree,Married,3,High,Yes
30,female,3,own,moderate,89180.0,48,furniture/equipment,bad,356514.0,High School Diploma,Married,0,Low,No
30,female,3,own,little,89180.0,48,furniture/equipment,bad,356514.0,High School Diploma,Married,0,Low,No
27,male,2,own,little,104965.0,40,education,bad,356443.0,Bachelor's Degree,Single,1,Average,Yes
20,female,2,own,quite rich,27597.5,11,furniture/equipment,good,350533.0,Master's Degree,Married,1,High,No
20,female,2,own,little,27597.5,11,furniture/equipment,good,350533.0,Master's Degree,Married,1,High,No
20,female,2,own,little,27597.5,11,furniture/equipment,good,350533.0,Master's Degree,Married,1,High,No
20,female,2,own,little,27597.5,11,furniture/equipment,good,350533.0,Master's Degree,Married,1,High,No
29,male,2,own,little,20457.5,18,radio/TV,good,349997.0,Doctorate,Married,0,Low,Yes
35,male,3,own,little,66150.0,18,furniture/equipment,good,343532.0,Associates's Degree,Married,3,Low,Yes
35,male,3,own,rich,66150.0,18,furniture/equipment,good,343532.0,Associates's Degree,Married,3,Low,Yes
35,male,3,own,quite rich,66150.0,18,furniture/equipment,good,343532.0,Associates's Degree,Married,3,Low,Yes
35,male,3,own,little,66150.0,18,furniture/equipment,good,343532.0,Associates's Degree,Married,3,Low,Yes
22,male,2,own,little,35682.5,24,radio/TV,bad,342729.0,Doctorate,Married,2,Low,No
50,male,2,own,little,92627.5,27,business,bad,342547.0,Bachelor's Degree,Single,0,Average,No
31,male,3,rent,little,34352.5,12,radio/TV,good,341658.0,Master's Degree,Married,3,Low,No
31,male,3,rent,little,34352.5,12,radio/TV,good,341658.0,Master's Degree,Married,3,Low,No
36,male,1,own,little,74217.5,24,business,bad,338850.0,Master's Degree,Single,3,Low,Yes
30,male,2,free,little,53707.5,24,furniture/equipment,good,337649.0,High School Diploma,Single,0,High,Yes
47,male,2,own,moderate,41177.5,21,car,good,337195.0,Master's Degree,Married,3,High,Yes
47,male,2,own,little,41177.5,21,car,good,337195.0,Master's Degree,Married,3,High,Yes
47,male,2,own,little,41177.5,21,car,good,337195.0,Master's Degree,Married,3,High,Yes
36,male,2,rent,rich,127697.5,60,business,bad,336463.0,Associates's Degree,Married,2,High,No
36,male,2,rent,rich,127697.5,60,business,bad,336463.0,Associates's Degree,Married,2,High,No
25,female,2,own,little,61407.5,18,radio/TV,good,332129.0,Master's Degree,Single,1,High,No
25,female,2,own,moderate,61407.5,18,radio/TV,good,332129.0,Master's Degree,Single,1,High,No
44,male,2,free,little,177222.5,48,car,bad,331949.0,Doctorate,Single,3,High,No
44,male,2,free,little,177222.5,48,car,bad,331949.0,Doctorate,Single,3,High,No
44,male,2,free,little,177222.5,48,car,bad,331949.0,Doctorate,Single,3,High,No
32,female,2,own,little,80692.5,6,furniture/equipment,bad,329254.0,High School Diploma,Single,1,Low,Yes
23,female,2,own,little,34002.5,18,repairs,bad,327454.0,Bachelor's Degree,Married,3,High,Yes
23,female,2,own,moderate,34002.5,18,repairs,bad,327454.0,Bachelor's Degree,Married,3,High,Yes
31,male,1,own,little,172497.5,36,business,good,327208.0,Master's Degree,Married,3,Average,No
31,male,1,own,little,172497.5,36,business,good,327208.0,Master's Degree,Married,3,Average,No
31,male,1,own,little,172497.5,36,business,good,327208.0,Master's Degree,Married,3,Average,No
31,male,1,own,little,172497.5,36,business,good,327208.0,Master's Degree,Married,3,Average,No
31,male,1,own,little,172497.5,36,business,good,327208.0,Master's Degree,Married,3,Average,No
38,male,1,own,little,22890.0,15,repairs,good,325690.0,Doctorate,Single,1,Low,Yes
38,male,1,own,moderate,22890.0,15,repairs,good,325690.0,Doctorate,Single,1,Low,Yes
23,female,2,own,quite rich,22312.5,10,furniture/equipment,good,317732.0,Doctorate,Single,0,High,Yes
23,female,2,rent,little,21280.0,18,car,bad,317436.0,Associates's Degree,Single,1,High,No
23,female,2,rent,little,21280.0,18,car,bad,317436.0,Associates's Degree,Single,1,High,No
33,male,1,own,little,12722.5,12,radio/TV,bad,313811.0,Associates's Degree,Married,3,Low,Yes
21,male,2,rent,rich,53042.5,45,radio/TV,bad,312287.0,High School Diploma,Married,1,Low,No
21,male,2,rent,little,53042.5,45,radio/TV,bad,312287.0,High School Diploma,Married,1,Low,No
21,male,2,rent,quite rich,53042.5,45,radio/TV,bad,312287.0,High School Diploma,Married,1,Low,No
27,female,2,own,moderate,51275.0,12,radio/TV,good,309201.0,Doctorate,Married,3,Low,Yes
32,male,2,own,moderate,27160.0,24,radio/TV,good,308348.0,Master's Degree,Married,2,Average,Yes
32,male,2,own,little,27160.0,24,radio/TV,good,308348.0,Master's Degree,Married,2,Average,Yes
32,male,2,own,rich,27160.0,24,radio/TV,good,308348.0,Master's Degree,Married,2,Average,Yes
32,male,2,own,little,27160.0,24,radio/TV,good,308348.0,Master's Degree,Married,2,Average,Yes
31,male,2,rent,little,40285.0,36,radio/TV,bad,305244.0,Doctorate,Single,1,High,Yes
33,male,2,rent,little,16625.0,15,car,bad,301926.0,Doctorate,Married,1,Average,No
27,male,2,own,quite rich,28997.5,12,furniture/equipment,good,299889.0,High School Diploma,Married,1,High,Yes
27,male,2,own,little,28997.5,12,furniture/equipment,good,299889.0,High School Diploma,Married,1,High,Yes
27,male,2,own,little,28997.5,12,furniture/equipment,good,299889.0,High School Diploma,Married,1,High,Yes
45,male,1,own,rich,30625.0,6,radio/TV,good,298592.0,Master's Degree,Married,0,Low,No
30,male,2,free,little,50085.0,36,car,good,297320.0,Associates's Degree,Single,1,Average,No
30,male,2,free,rich,50085.0,36,car,good,297320.0,Associates's Degree,Single,1,Average,No
41,male,2,own,little,69632.5,48,radio/TV,good,296811.0,Associates's Degree,Married,1,Average,Yes
41,male,2,own,moderate,69632.5,48,radio/TV,good,296811.0,Associates's Degree,Married,1,Average,Yes
50,male,2,free,little,108920.0,48,education,bad,293301.0,Associates's Degree,Married,1,Average,Yes
43,male,2,own,little,38447.5,24,car,good,288385.0,Associates's Degree,Married,1,High,No
43,male,2,own,moderate,38447.5,24,car,good,288385.0,Associates's Degree,Married,1,High,No
43,male,2,own,little,38447.5,24,car,good,288385.0,Associates's Degree,Married,1,High,No
27,female,2,own,moderate,54652.5,24,car,bad,286105.0,Bachelor's Degree,Single,0,High,No
27,female,2,own,moderate,54652.5,24,car,bad,286105.0,Bachelor's Degree,Single,0,High,No
27,female,2,own,little,54652.5,24,car,bad,286105.0,Bachelor's Degree,Single,0,High,No
27,male,2,own,little,45727.5,36,repairs,good,286014.0,Master's Degree,Single,1,High,Yes
27,male,2,own,little,45727.5,36,repairs,good,286014.0,Master's Degree,Single,1,High,Yes
38,male,1,own,rich,26162.5,12,car,good,285123.0,Bachelor's Degree,Married,0,Average,No
63,male,2,own,little,51170.0,24,car,good,282113.0,Doctorate,Single,0,Low,Yes
63,male,2,own,moderate,51170.0,24,car,good,282113.0,Doctorate,Single,0,Low,Yes
32,male,2,rent,little,205800.0,39,education,good,281414.0,Master's Degree,Married,3,Low,Yes
32,male,2,rent,little,205800.0,39,education,good,281414.0,Master's Degree,Married,3,Low,Yes
32,male,2,rent,little,205800.0,39,education,good,281414.0,Master's Degree,Married,3,Low,Yes
32,male,2,rent,little,205800.0,39,education,good,281414.0,Master's Degree,Married,3,Low,Yes
26,male,2,rent,little,61565.0,6,car,good,279194.0,High School Diploma,Married,2,Average,Yes
26,male,2,rent,little,61565.0,6,car,good,279194.0,High School Diploma,Married,2,Average,Yes
30,female,2,own,little,16065.0,9,furniture/equipment,bad,276636.0,Master's Degree,Single,2,Low,Yes
30,female,2,own,quite rich,16065.0,9,furniture/equipment,bad,276636.0,Master's Degree,Single,2,Low,Yes
44,male,2,own,little,60987.5,20,car,good,271870.0,Associates's Degree,Single,0,High,No
34,male,1,own,little,209965.0,30,repairs,bad,271857.0,Bachelor's Degree,Single,2,Low,No
37,female,2,own,little,35385.0,24,car,good,266695.0,Bachelor's Degree,Married,2,High,No
37,female,2,own,little,35385.0,24,car,good,266695.0,Bachelor's Degree,Married,2,High,No
37,female,2,own,little,35385.0,24,car,good,266695.0,Bachelor's Degree,Married,2,High,No
37,female,2,own,quite rich,35385.0,24,car,good,266695.0,Bachelor's Degree,Married,2,High,No
25,female,2,own,little,39165.0,18,radio/TV,good,265268.0,Bachelor's Degree,Single,2,Low,No
25,female,2,own,rich,39165.0,18,radio/TV,good,265268.0,Bachelor's Degree,Single,2,Low,No
25,female,2,own,quite rich,39165.0,18,radio/TV,good,265268.0,Bachelor's Degree,Single,2,Low,No
25,female,2,own,little,39165.0,18,radio/TV,good,265268.0,Bachelor's Degree,Single,2,Low,No
25,female,2,own,little,39165.0,18,radio/TV,good,265268.0,Bachelor's Degree,Single,2,Low,No
25,female,2,own,little,39165.0,18,radio/TV,good,265268.0,Bachelor's Degree,Single,2,Low,No
26,female,1,rent,rich,74900.0,30,business,bad,265059.0,Bachelor's Degree,Married,2,Low,No
36,male,2,own,moderate,24010.0,12,car,bad,264247.0,Master's Degree,Single,0,Average,No
36,male,2,own,little,24010.0,12,car,bad,264247.0,Master's Degree,Single,0,Average,No
52,male,2,own,little,38902.5,24,radio/TV,good,264032.0,Doctorate,Single,3,High,Yes
52,male,2,own,little,38902.5,24,radio/TV,good,264032.0,Doctorate,Single,3,High,Yes
34,female,2,own,quite rich,26687.5,24,car,good,262129.0,Doctorate,Single,0,Low,No
30,male,2,free,little,58607.5,24,furniture/equipment,bad,260433.0,Bachelor's Degree,Married,0,Average,No
30,male,2,free,moderate,58607.5,24,furniture/equipment,bad,260433.0,Bachelor's Degree,Married,0,Average,No
30,male,2,free,little,58607.5,24,furniture/equipment,bad,260433.0,Bachelor's Degree,Married,0,Average,No
30,male,2,free,little,58607.5,24,furniture/equipment,bad,260433.0,Bachelor's Degree,Married,0,Average,No
32,male,1,own,moderate,21542.5,10,car,good,259982.0,Bachelor's Degree,Single,3,Low,No
64,female,2,own,little,13177.5,6,radio/TV,good,257425.0,Master's Degree,Married,2,Low,Yes
24,female,2,free,little,100502.5,24,education,good,256534.0,High School Diploma,Single,2,Low,No
22,male,2,own,little,25865.0,9,radio/TV,bad,253124.0,Bachelor's Degree,Single,1,High,No
22,male,2,own,moderate,25865.0,9,radio/TV,bad,253124.0,Bachelor's Degree,Single,1,High,No
22,male,2,own,little,25865.0,9,radio/TV,bad,253124.0,Bachelor's Degree,Single,1,High,No
22,male,2,own,little,25865.0,9,radio/TV,bad,253124.0,Bachelor's Degree,Single,1,High,No
22,male,2,own,little,25865.0,9,radio/TV,bad,253124.0,Bachelor's Degree,Single,1,High,No
22,male,2,own,moderate,25865.0,9,radio/TV,bad,253124.0,Bachelor's Degree,Single,1,High,No
30,male,2,own,little,81497.5,15,car,good,253002.0,Master's Degree,Single,1,High,No
30,male,2,own,moderate,81497.5,15,car,good,253002.0,Master's Degree,Single,1,High,No
30,male,2,own,little,81497.5,15,car,good,253002.0,Master's Degree,Single,1,High,No
30,male,2,own,little,81497.5,15,car,good,253002.0,Master's Degree,Single,1,High,No
30,male,2,own,rich,81497.5,15,car,good,253002.0,Master's Degree,Single,1,High,No
24,female,2,rent,little,22312.5,15,domestic appliances,bad,252698.0,Bachelor's Degree,Single,1,High,Yes
24,female,2,rent,quite rich,22312.5,15,domestic appliances,bad,252698.0,Bachelor's Degree,Single,1,High,Yes
24,female,2,rent,quite rich,22312.5,15,domestic appliances,bad,252698.0,Bachelor's Degree,Single,1,High,Yes
47,male,2,own,little,24377.5,12,education,good,251895.0,Bachelor's Degree,Married,3,Average,No
41,male,2,own,little,37030.0,6,furniture/equipment,good,251808.0,Bachelor's Degree,Single,2,Average,Yes
27,male,2,own,little,49350.0,36,car,bad,247130.0,High School Diploma,Single,3,Average,Yes
27,male,2,own,little,49350.0,36,car,bad,247130.0,High School Diploma,Single,3,Average,Yes
29,male,2,free,little,37607.5,12,radio/TV,bad,245804.0,High School Diploma,Married,3,Low,Yes
41,male,1,own,moderate,45150.0,21,business,bad,243318.0,Doctorate,Single,0,High,No
41,male,1,own,little,45150.0,21,business,bad,243318.0,Doctorate,Single,0,High,No
32,male,3,free,little,82005.0,36,car,good,239161.0,Associates's Degree,Single,0,Average,No
32,male,3,free,little,82005.0,36,car,good,239161.0,Associates's Degree,Single,0,Average,No
32,male,3,free,little,82005.0,36,car,good,239161.0,Associates's Degree,Single,0,Average,No
35,male,0,own,little,27107.5,9,car,good,236647.0,Bachelor's Degree,Married,2,Average,Yes
35,male,0,own,little,27107.5,9,car,good,236647.0,Bachelor's Degree,Married,2,Average,Yes
35,male,0,own,quite rich,27107.5,9,car,good,236647.0,Bachelor's Degree,Married,2,Average,Yes
35,male,0,own,little,27107.5,9,car,good,236647.0,Bachelor's Degree,Married,2,Average,Yes
35,male,0,own,little,27107.5,9,car,good,236647.0,Bachelor's Degree,Married,2,Average,Yes
26,male,2,own,little,13282.5,12,car,bad,229373.0,Associates's Degree,Married,3,Average,Yes
26,male,2,own,little,13282.5,12,car,bad,229373.0,Associates's Degree,Married,3,Average,Yes
26,male,2,own,little,13282.5,12,car,bad,229373.0,Associates's Degree,Married,3,Average,Yes
26,male,2,own,moderate,13282.5,12,car,bad,229373.0,Associates's Degree,Married,3,Average,Yes
26,male,2,own,little,13282.5,12,car,bad,229373.0,Associates's Degree,Married,3,Average,Yes
26,male,2,own,little,13282.5,12,car,bad,229373.0,Associates's Degree,Married,3,Average,Yes
24,male,2,own,moderate,37537.5,36,business,bad,228548.0,Associates's Degree,Single,2,Average,No
24,male,2,own,little,37537.5,36,business,bad,228548.0,Associates's Degree,Single,2,Average,No
24,male,2,own,little,37537.5,36,business,bad,228548.0,Associates's Degree,Single,2,Average,No
45,male,2,own,little,40302.5,24,car,bad,217687.0,Bachelor's Degree,Married,2,Average,No
45,male,2,own,little,40302.5,24,car,bad,217687.0,Bachelor's Degree,Married,2,Average,No
36,male,2,free,rich,12250.0,6,radio/TV,good,214442.0,High School Diploma,Single,0,Low,No
34,female,2,own,little,26127.5,12,radio/TV,good,210369.0,Bachelor's Degree,Married,0,Average,No
34,female,2,own,moderate,26127.5,12,radio/TV,good,210369.0,Bachelor's Degree,Married,0,Average,No
24,male,2,own,little,114800.0,48,car,bad,208973.0,Master's Degree,Married,2,Low,Yes
36,male,2,own,little,72887.5,18,business,bad,208187.0,High School Diploma,Single,2,High,Yes
36,male,2,own,little,72887.5,18,business,bad,208187.0,High School Diploma,Single,2,High,Yes
36,male,2,own,little,72887.5,18,business,bad,208187.0,High School Diploma,Single,2,High,Yes
35,male,1,rent,rich,24815.0,10,car,good,207947.0,Master's Degree,Single,3,Average,Yes
35,male,1,rent,little,24815.0,10,car,good,207947.0,Master's Degree,Single,3,Average,Yes
34,male,3,own,quite rich,27842.5,21,furniture/equipment,good,207692.0,High School Diploma,Married,0,High,Yes
24,male,2,own,little,52780.0,12,radio/TV,good,207400.0,Doctorate,Single,0,High,Yes
24,male,2,own,little,52780.0,12,radio/TV,good,207400.0,Doctorate,Single,0,High,Yes
24,male,2,own,quite rich,52780.0,12,radio/TV,good,207400.0,Doctorate,Single,0,High,Yes
29,female,0,own,little,69825.0,36,domestic appliances,good,207211.0,Associates's Degree,Married,0,Average,No
29,female,0,own,moderate,69825.0,36,domestic appliances,good,207211.0,Associates's Degree,Married,0,Average,No
29,female,0,own,little,69825.0,36,domestic appliances,good,207211.0,Associates's Degree,Married,0,Average,No
29,female,0,own,little,69825.0,36,domestic appliances,good,207211.0,Associates's Degree,Married,0,Average,No
29,female,0,own,little,69825.0,36,domestic appliances,good,207211.0,Associates's Degree,Married,0,Average,No
33,male,2,own,little,35892.5,18,radio/TV,good,203540.0,Master's Degree,Single,3,Low,No
33,male,2,own,little,35892.5,18,radio/TV,good,203540.0,Master's Degree,Single,3,Low,No
33,male,2,own,little,35892.5,18,radio/TV,good,203540.0,Master's Degree,Single,3,Low,No
33,male,3,rent,little,84770.0,48,business,bad,202033.0,High School Diploma,Married,2,Average,Yes
32,male,2,own,little,33915.0,24,radio/TV,bad,198923.0,Bachelor's Degree,Married,2,High,Yes
57,male,3,free,little,250565.0,36,car,bad,198189.0,Master's Degree,Married,0,High,Yes
57,male,3,free,little,250565.0,36,car,bad,198189.0,Master's Degree,Married,0,High,Yes
32,female,2,own,little,44240.0,27,business,good,196289.0,High School Diploma,Married,2,High,No
27,male,2,own,little,18427.5,15,radio/TV,good,192612.0,High School Diploma,Single,1,Low,Yes
27,male,2,own,little,18427.5,15,radio/TV,good,192612.0,High School Diploma,Single,1,Low,Yes
28,male,3,own,quite rich,74357.5,30,car,bad,191448.0,High School Diploma,Single,0,Low,No
28,male,3,own,quite rich,74357.5,30,car,bad,191448.0,High School Diploma,Single,0,Low,No
30,male,3,own,quite rich,69282.5,36,furniture/equipment,good,189144.0,High School Diploma,Single,2,High,No
33,male,2,own,little,112052.5,24,radio/TV,good,188046.0,Associates's Degree,Married,0,High,Yes
68,male,3,own,little,260680.0,6,car,bad,187042.0,Associates's Degree,Married,0,High,Yes
41,male,2,own,little,47460.0,36,furniture/equipment,bad,186717.0,Master's Degree,Single,2,High,Yes
41,male,2,own,little,47460.0,36,furniture/equipment,bad,186717.0,Master's Degree,Single,2,High,Yes
41,male,2,own,moderate,47460.0,36,furniture/equipment,bad,186717.0,Master's Degree,Single,2,High,Yes
41,male,2,own,moderate,47460.0,36,furniture/equipment,bad,186717.0,Master's Degree,Single,2,High,Yes
41,male,2,own,little,47460.0,36,furniture/equipment,bad,186717.0,Master's Degree,Single,2,High,Yes
30,male,2,own,little,18480.0,18,car,bad,185373.0,Master's Degree,Single,0,Average,No
30,male,2,own,little,18480.0,18,car,bad,185373.0,Master's Degree,Single,0,Average,No
47,male,1,own,little,44415.0,24,car,bad,184364.0,Associates's Degree,Married,3,Average,No
28,male,2,own,moderate,18690.0,6,radio/TV,good,184009.0,Doctorate,Married,3,Low,No
28,male,2,own,little,18690.0,6,radio/TV,good,184009.0,Doctorate,Married,3,Low,No
28,male,2,own,little,18690.0,6,radio/TV,good,184009.0,Doctorate,Married,3,Low,No
28,male,2,own,little,18690.0,6,radio/TV,good,184009.0,Doctorate,Married,3,Low,No
23,male,0,own,moderate,254712.5,6,car,bad,183666.0,Master's Degree,Married,1,High,No
23,male,0,own,moderate,254712.5,6,car,bad,183666.0,Master's Degree,Married,1,High,No
31,male,2,own,rich,55090.0,24,radio/TV,good,176317.0,Master's Degree,Single,2,Low,Yes
51,male,2,own,little,58485.0,36,radio/TV,good,176136.0,Associates's Degree,Single,2,High,Yes
51,male,2,own,little,58485.0,36,radio/TV,good,176136.0,Associates's Degree,Single,2,High,Yes
51,male,2,own,little,58485.0,36,radio/TV,good,176136.0,Associates's Degree,Single,2,High,Yes
33,male,2,own,little,21787.5,18,radio/TV,bad,171476.0,High School Diploma,Married,2,Low,Yes
33,male,2,own,little,21787.5,18,radio/TV,bad,171476.0,High School Diploma,Married,2,Low,Yes
33,male,2,own,quite rich,21787.5,18,radio/TV,bad,171476.0,High School Diploma,Married,2,Low,Yes
55,female,3,free,little,45115.0,12,furniture/equipment,good,170814.0,Master's Degree,Married,3,Low,No
55,female,3,free,little,45115.0,12,furniture/equipment,good,170814.0,Master's Degree,Married,3,Low,No
55,male,2,own,little,24727.5,12,car,good,169515.0,Master's Degree,Single,2,Average,No
55,male,2,own,quite rich,24727.5,12,car,good,169515.0,Master's Degree,Single,2,Average,No
25,female,1,own,little,82880.0,24,furniture/equipment,bad,168286.0,Associates's Degree,Single,1,Low,No
25,female,1,own,little,82880.0,24,furniture/equipment,bad,168286.0,Associates's Degree,Single,1,Low,No
25,female,1,own,little,82880.0,24,furniture/equipment,bad,168286.0,Associates's Degree,Single,1,Low,No
26,male,2,own,little,59745.0,21,education,bad,165883.0,High School Diploma,Married,2,Low,Yes
22,female,2,own,little,31640.0,18,furniture/equipment,bad,164884.0,Bachelor's Degree,Single,0,Average,No
40,male,3,own,little,75197.5,18,furniture/equipment,bad,164579.0,Associates's Degree,Married,2,Low,No
36,male,2,own,little,40897.5,36,radio/TV,good,162500.0,Master's Degree,Married,0,High,No
36,male,2,own,little,40897.5,36,radio/TV,good,162500.0,Master's Degree,Married,0,High,No
36,male,2,own,little,40897.5,36,radio/TV,good,162500.0,Master's Degree,Married,0,High,No
36,male,2,own,little,40897.5,36,radio/TV,good,162500.0,Master's Degree,Married,0,High,No
36,male,2,own,little,40897.5,36,radio/TV,good,162500.0,Master's Degree,Married,0,High,No
36,male,2,own,little,40897.5,36,radio/TV,good,162500.0,Master's Degree,Married,0,High,No
36,male,2,own,little,40897.5,36,radio/TV,good,162500.0,Master's Degree,Married,0,High,No
36,male,2,own,little,40897.5,36,radio/TV,good,162500.0,Master's Degree,Married,0,High,No
29,female,2,own,moderate,37992.5,12,radio/TV,good,160000.0,Master's Degree,Married,0,High,Yes
42,male,3,own,moderate,40110.0,12,business,bad,157035.0,Master's Degree,Married,0,High,Yes
35,male,2,own,little,102235.0,36,car,good,156524.0,Master's Degree,Married,3,Average,No
33,female,3,own,moderate,25795.0,12,furniture/equipment,good,155000.0,Master's Degree,Married,0,High,Yes
33,female,3,own,little,25795.0,12,furniture/equipment,good,155000.0,Master's Degree,Married,0,High,Yes
27,male,0,own,little,12407.5,6,car,good,155000.0,Master's Degree,Married,0,High,Yes
27,male,0,own,little,12407.5,6,car,good,155000.0,Master's Degree,Married,0,High,Yes
29,female,3,own,little,46882.5,24,car,good,154425.0,High School Diploma,Married,3,Low,No
29,female,3,own,little,46882.5,24,car,good,154425.0,High School Diploma,Married,3,Low,No
29,female,3,own,little,46882.5,24,car,good,154425.0,High School Diploma,Married,3,Low,No
49,female,2,own,little,7490.0,6,furniture/equipment,good,153627.0,Doctorate,Married,3,Low,No
49,female,2,own,little,7490.0,6,furniture/equipment,good,153627.0,Doctorate,Married,3,Low,No
49,female,2,own,little,7490.0,6,furniture/equipment,good,153627.0,Doctorate,Married,3,Low,No
49,female,2,own,little,7490.0,6,furniture/equipment,good,153627.0,Doctorate,Married,3,Low,No
22,male,2,free,quite rich,69527.5,14,car,good,153353.0,Associates's Degree,Single,3,High,Yes
22,male,2,free,little,69527.5,14,car,good,153353.0,Associates's Degree,Single,3,High,Yes
22,male,2,free,little,69527.5,14,car,good,153353.0,Associates's Degree,Single,3,High,Yes
26,male,2,rent,little,42787.5,12,car,good,150000.0,Bachelor's Degree,Married,0,High,No
35,male,1,free,little,158462.5,36,education,good,150000.0,Master's Degree,Married,0,High,No
36,male,2,own,little,15907.5,36,car,good,147365.0,Master's Degree,Married,1,High,Yes
36,male,2,own,little,15907.5,36,car,good,147365.0,Master's Degree,Married,1,High,Yes
36,male,2,own,little,15907.5,36,car,good,147365.0,Master's Degree,Married,1,High,Yes
27,male,2,own,moderate,151340.0,24,business,bad,146951.0,Associates's Degree,Married,3,Low,Yes
27,male,2,own,little,151340.0,24,business,bad,146951.0,Associates's Degree,Married,3,Low,Yes
27,male,2,own,quite rich,151340.0,24,business,bad,146951.0,Associates's Degree,Married,3,Low,Yes
51,male,3,free,little,20370.0,8,vacation/others,good,145000.0,Bachelor's Degree,Married,0,High,No
51,male,3,free,little,20370.0,8,vacation/others,good,145000.0,Bachelor's Degree,Married,0,High,No
26,male,2,own,moderate,76475.0,42,radio/TV,bad,144995.0,Doctorate,Married,3,Low,Yes
26,male,2,own,moderate,76475.0,42,radio/TV,bad,144995.0,Doctorate,Married,3,Low,Yes
26,male,2,own,little,76475.0,42,radio/TV,bad,144995.0,Doctorate,Married,3,Low,Yes
26,male,2,own,little,76475.0,42,radio/TV,bad,144995.0,Doctorate,Married,3,Low,Yes
26,female,2,own,little,55667.5,24,radio/TV,good,142500.0,High School Diploma,Single,0,High,Yes
26,female,2,own,little,55667.5,24,radio/TV,good,142500.0,High School Diploma,Single,0,High,Yes
61,female,2,own,little,35210.0,12,education,good,142500.0,High School Diploma,Single,0,High,No
38,male,2,own,little,21280.0,24,radio/TV,bad,140151.0,Doctorate,Single,2,Average,No
38,male,2,own,little,21280.0,24,radio/TV,bad,140151.0,Doctorate,Single,2,Average,No
30,male,3,own,quite rich,40827.5,30,radio/TV,good,140000.0,Bachelor's Degree,Married,0,High,No
30,male,3,own,little,40827.5,30,radio/TV,good,140000.0,Bachelor's Degree,Married,0,High,No
39,female,2,own,little,15050.0,6,car,good,140000.0,Bachelor's Degree,Married,0,High,No
30,male,3,own,little,40827.5,30,radio/TV,good,140000.0,Bachelor's Degree,Married,0,High,No
39,female,2,own,little,15050.0,6,car,good,140000.0,Bachelor's Degree,Married,0,High,No
30,male,3,own,moderate,40827.5,30,radio/TV,good,140000.0,Bachelor's Degree,Married,0,High,No
31,male,2,own,little,25357.5,6,business,good,137500.0,High School Diploma,Married,0,High,Yes
31,male,2,own,little,25357.5,6,business,good,137500.0,High School Diploma,Married,0,High,Yes
31,male,2,own,little,25357.5,6,business,good,137500.0,High School Diploma,Married,0,High,Yes
24,female,2,rent,little,75390.0,48,business,bad,135000.0,Bachelor's Degree,Married,0,High,No
24,female,2,rent,quite rich,75390.0,48,business,bad,135000.0,Bachelor's Degree,Married,0,High,No
24,female,2,rent,quite rich,75390.0,48,business,bad,135000.0,Bachelor's Degree,Married,0,High,No
35,male,2,own,quite rich,47740.0,15,radio/TV,good,130000.0,High School Diploma,Single,0,High,Yes
30,male,2,own,moderate,102655.0,18,car,good,130000.0,High School Diploma,Single,0,High,No
24,male,2,own,little,102340.0,36,radio/TV,good,130000.0,High School Diploma,Married,0,High,No
30,male,2,own,little,102655.0,18,car,good,130000.0,High School Diploma,Single,0,High,No
39,male,2,own,little,40232.5,36,radio/TV,good,130000.0,High School Diploma,Married,0,High,Yes
39,male,2,own,little,40232.5,36,radio/TV,good,130000.0,High School Diploma,Married,0,High,Yes
39,male,2,own,little,40232.5,36,radio/TV,good,130000.0,High School Diploma,Married,0,High,Yes
39,male,2,own,little,40232.5,36,radio/TV,good,130000.0,High School Diploma,Married,0,High,Yes
35,male,2,own,little,47740.0,15,radio/TV,good,130000.0,High School Diploma,Single,0,High,Yes
39,male,2,own,little,40232.5,36,radio/TV,good,130000.0,High School Diploma,Married,0,High,Yes
24,male,2,own,little,102340.0,36,radio/TV,good,130000.0,High School Diploma,Married,0,High,No
39,male,2,own,little,40232.5,36,radio/TV,good,130000.0,High School Diploma,Married,0,High,Yes
30,female,3,own,quite rich,125545.0,42,radio/TV,bad,127500.0,Associate's Degree,Married,0,High,No
30,female,3,own,quite rich,125545.0,42,radio/TV,bad,127500.0,Associate's Degree,Married,0,High,No
30,female,3,own,little,125545.0,42,radio/TV,bad,127500.0,Associate's Degree,Married,0,High,No
28,male,2,own,little,23152.5,6,car,good,125981.0,Bachelor's Degree,Single,2,High,Yes
28,male,2,own,little,23152.5,6,car,good,125981.0,Bachelor's Degree,Single,2,High,Yes
28,male,2,own,little,23152.5,6,car,good,125981.0,Bachelor's Degree,Single,2,High,Yes
28,male,2,own,little,23152.5,6,car,good,125981.0,Bachelor's Degree,Single,2,High,Yes
25,male,2,own,moderate,141260.0,30,business,good,125000.0,High School Diploma,Married,0,High,Yes
52,male,1,own,little,40512.5,10,radio/TV,good,125000.0,Associate's Degree,Married,0,High,Yes
45,male,2,free,little,137935.0,42,furniture/equipment,good,125000.0,High School Diploma,Single,0,High,No
25,male,2,own,little,141260.0,30,business,good,125000.0,High School Diploma,Married,0,High,Yes
52,male,1,own,little,40512.5,10,radio/TV,good,125000.0,Associate's Degree,Married,0,High,Yes
45,male,2,free,little,137935.0,42,furniture/equipment,good,125000.0,High School Diploma,Single,0,High,No
25,male,2,own,little,22085.0,12,radio/TV,good,122500.0,Associate's Degree,Married,0,High,No
25,male,2,own,little,22085.0,12,radio/TV,good,122500.0,Associate's Degree,Married,0,High,No
25,male,2,own,little,22085.0,12,radio/TV,good,122500.0,Associate's Degree,Married,0,High,No
25,male,2,own,little,22085.0,12,radio/TV,good,122500.0,Associate's Degree,Married,0,High,No
38,male,2,own,little,61460.0,24,car,good,122500.0,Associate's Degree,Married,0,High,Yes
25,male,2,own,rich,22085.0,12,radio/TV,good,122500.0,Associate's Degree,Married,0,High,No
24,female,2,own,little,16310.0,6,radio/TV,good,120000.0,Doctorate,Single,0,High,Yes
24,female,2,own,little,16310.0,6,radio/TV,good,120000.0,Doctorate,Single,0,High,Yes
24,female,2,own,rich,16310.0,6,radio/TV,good,120000.0,Doctorate,Single,0,High,Yes
43,male,2,own,moderate,50732.5,18,car,good,119754.0,Master's Degree,Single,1,High,Yes
43,male,2,own,little,50732.5,18,car,good,119754.0,Master's Degree,Single,1,High,Yes
43,male,2,own,little,50732.5,18,car,good,119754.0,Master's Degree,Single,1,High,Yes
26,male,2,own,little,89547.5,27,business,good,119392.0,High School Diploma,Single,2,High,Yes
26,male,2,own,little,89547.5,27,business,good,119392.0,High School Diploma,Single,2,High,Yes
61,male,3,free,little,34177.5,36,business,bad,117500.0,Master's Degree,Married,2,High,Yes
40,male,1,own,little,12267.5,12,radio/TV,good,117500.0,Master's Degree,Married,2,High,Yes
61,male,3,free,little,34177.5,36,business,bad,117500.0,Master's Degree,Married,2,High,Yes
54,male,2,own,little,23065.0,12,car,good,117500.0,Master's Degree,Married,2,High,No
54,male,2,own,little,23065.0,12,car,good,117500.0,Master's Degree,Married,2,High,No
54,male,2,own,little,23065.0,12,car,good,117500.0,Master's Degree,Married,2,High,No
54,male,2,own,little,23065.0,12,car,good,117500.0,Master's Degree,Married,2,High,No
40,male,1,own,quite rich,12267.5,12,radio/TV,good,117500.0,Master's Degree,Married,2,High,Yes
61,male,3,free,little,34177.5,36,business,bad,117500.0,Master's Degree,Married,2,High,Yes
61,male,3,free,little,34177.5,36,business,bad,117500.0,Master's Degree,Married,2,High,Yes
32,female,3,own,moderate,322420.0,48,vacation/others,bad,117199.0,Doctorate,Single,3,High,No
32,female,3,own,little,322420.0,48,vacation/others,bad,117199.0,Doctorate,Single,3,High,No
59,female,2,own,little,88287.5,15,car,good,116824.0,High School Diploma,Married,3,Low,Yes
59,female,2,own,little,88287.5,15,car,good,116824.0,High School Diploma,Married,3,Low,Yes
59,female,2,own,moderate,88287.5,15,car,good,116824.0,High School Diploma,Married,3,Low,Yes
34,male,2,own,moderate,45885.0,18,business,good,115000.0,Bachelor's Degree,Married,3,High,Yes
34,male,2,own,rich,45885.0,18,business,good,115000.0,Bachelor's Degree,Married,3,High,Yes
48,male,2,own,little,18935.0,12,car,bad,112729.0,Doctorate,Married,3,Low,Yes
48,male,2,own,little,18935.0,12,car,bad,112729.0,Doctorate,Married,3,Low,Yes
54,male,2,own,little,24657.5,12,car,good,112500.0,Master's Degree,Married,2,High,No
63,male,2,free,moderate,13667.5,10,car,good,112500.0,Master's Degree,Married,2,High,Yes
54,male,2,own,little,24657.5,12,car,good,112500.0,Master's Degree,Married,2,High,No
54,male,3,own,quite rich,80342.5,24,business,bad,111046.0,Master's Degree,Single,0,High,Yes
54,male,3,own,quite rich,80342.5,24,business,bad,111046.0,Master's Degree,Single,0,High,Yes
46,male,2,free,little,68792.5,48,car,bad,110528.0,High School Diploma,Married,1,High,No
46,male,2,free,moderate,68792.5,48,car,bad,110528.0,High School Diploma,Married,1,High,No
46,male,2,free,little,68792.5,48,car,bad,110528.0,High School Diploma,Married,1,High,No
46,male,2,free,little,68792.5,48,car,bad,110528.0,High School Diploma,Married,1,High,No
46,male,2,free,little,68792.5,48,car,bad,110528.0,High School Diploma,Married,1,High,No
46,male,2,free,moderate,68792.5,48,car,bad,110528.0,High School Diploma,Married,1,High,No
36,male,2,own,little,117985.0,30,radio/TV,good,110225.0,Master's Degree,Married,1,Average,Yes
37,male,2,own,little,21437.5,10,domestic appliances,good,110000.0,Doctorate,Single,0,High,Yes
37,male,2,own,little,21437.5,10,domestic appliances,good,110000.0,Doctorate,Single,0,High,Yes
30,female,2,own,quite rich,135117.5,24,furniture/equipment,good,110000.0,Master's Degree,Single,0,High,No
37,male,2,own,little,21437.5,10,domestic appliances,good,110000.0,Doctorate,Single,0,High,Yes
23,female,2,own,little,40040.0,21,furniture/equipment,good,110000.0,Doctorate,Single,0,High,Yes
23,female,2,own,little,40040.0,21,furniture/equipment,good,110000.0,Doctorate,Single,0,High,Yes
37,male,2,own,little,21437.5,10,domestic appliances,good,110000.0,Doctorate,Single,0,High,Yes
23,female,2,own,little,40040.0,21,furniture/equipment,good,110000.0,Doctorate,Single,0,High,Yes
30,female,2,own,little,135117.5,24,furniture/equipment,good,110000.0,Master's Degree,Single,0,High,No
23,female,2,own,little,40040.0,21,furniture/equipment,good,110000.0,Doctorate,Single,0,High,Yes
37,male,2,own,little,21437.5,10,domestic appliances,good,110000.0,Doctorate,Single,0,High,Yes
30,female,2,own,little,135117.5,24,furniture/equipment,good,110000.0,Master's Degree,Single,0,High,No
37,male,2,own,little,21437.5,10,domestic appliances,good,110000.0,Doctorate,Single,0,High,Yes
29,male,3,rent,little,158095.0,36,furniture/equipment,bad,109105.0,Associates's Degree,Married,1,High,No
29,male,3,rent,little,158095.0,36,furniture/equipment,bad,109105.0,Associates's Degree,Married,1,High,No
29,male,3,rent,little,158095.0,36,furniture/equipment,bad,109105.0,Associates's Degree,Married,1,High,No
29,male,3,rent,little,158095.0,36,furniture/equipment,bad,109105.0,Associates's Degree,Married,1,High,No
40,female,2,own,moderate,134365.0,36,furniture/equipment,good,106512.0,Doctorate,Single,2,High,Yes
40,female,2,own,quite rich,134365.0,36,furniture/equipment,good,106512.0,Doctorate,Single,2,High,Yes
21,female,2,own,little,177520.0,60,radio/TV,good,105000.0,Bachelor's Degree,Married,1,High,No
21,female,2,own,moderate,177520.0,60,radio/TV,good,105000.0,Bachelor's Degree,Married,1,High,No
28,male,3,own,little,91595.0,30,car,bad,105000.0,Doctorate,Single,0,High,No
57,male,1,rent,little,22120.0,12,business,good,105000.0,Bachelor's Degree,Married,3,High,Yes
57,male,1,rent,little,22120.0,12,business,good,105000.0,Bachelor's Degree,Married,3,High,Yes
27,male,2,own,quite rich,150727.5,27,car,good,105000.0,Master's Degree,Married,2,High,Yes
44,female,1,rent,little,32917.5,12,radio/TV,good,105000.0,Bachelor's Degree,Married,3,High,No
28,male,3,own,moderate,91595.0,30,car,bad,105000.0,Doctorate,Single,0,High,No
27,male,2,own,rich,150727.5,27,car,good,105000.0,Master's Degree,Married,2,High,Yes
27,male,2,own,little,150727.5,27,car,good,105000.0,Master's Degree,Married,2,High,Yes
57,male,1,rent,little,22120.0,12,business,good,105000.0,Bachelor's Degree,Married,3,High,Yes
27,male,2,own,little,150727.5,27,car,good,105000.0,Master's Degree,Married,2,High,Yes
51,male,2,own,quite rich,27912.5,6,radio/TV,good,103714.0,Doctorate,Single,0,High,No
51,male,2,own,moderate,27912.5,6,radio/TV,good,103714.0,Doctorate,Single,0,High,No
35,male,2,rent,little,33582.5,9,furniture/equipment,good,102500.0,High School Diploma,Married,1,High,Yes
35,male,2,rent,rich,33582.5,9,furniture/equipment,good,102500.0,High School Diploma,Married,1,High,Yes
35,male,2,rent,little,33582.5,9,furniture/equipment,good,102500.0,High School Diploma,Married,1,High,Yes
30,male,3,own,little,31902.5,24,radio/TV,bad,101729.0,Bachelor's Degree,Single,1,High,Yes
30,male,3,own,quite rich,31902.5,24,radio/TV,bad,101729.0,Bachelor's Degree,Single,1,High,Yes
22,female,2,own,little,104142.5,48,radio/TV,bad,100000.0,Master's Degree,Married,2,High,Yes
53,male,2,free,little,85225.0,24,car,bad,100000.0,Bachelor's Degree,Married,3,High,No
22,female,2,own,rich,104142.5,48,radio/TV,bad,100000.0,Master's Degree,Married,2,High,Yes
42,male,2,free,little,23555.0,6,radio/TV,good,100000.0,Master's Degree,Single,0,High,Yes
22,female,2,own,little,104142.5,48,radio/TV,bad,100000.0,Master's Degree,Married,2,High,Yes
53,male,2,free,rich,85225.0,24,car,bad,100000.0,Bachelor's Degree,Married,3,High,No
42,male,2,free,quite rich,23555.0,6,radio/TV,good,100000.0,Master's Degree,Single,0,High,Yes
53,male,2,free,little,85225.0,24,car,bad,100000.0,Bachelor's Degree,Married,3,High,No
53,male,2,free,little,85225.0,24,car,bad,100000.0,Bachelor's Degree,Married,3,High,No
53,male,2,free,little,85225.0,24,car,bad,100000.0,Bachelor's Degree,Married,3,High,No
42,male,2,free,little,23555.0,6,radio/TV,good,100000.0,Master's Degree,Single,0,High,Yes
46,male,1,rent,little,12775.0,7,radio/TV,good,97500.0,High School Diploma,Married,1,High,No
46,male,1,rent,little,12775.0,7,radio/TV,good,97500.0,High School Diploma,Married,1,High,No
37,female,2,own,little,59150.0,4,car,good,97277.0,Associates's Degree,Married,3,Low,Yes
37,female,2,own,little,59150.0,4,car,good,97277.0,Associates's Degree,Married,3,Low,Yes
37,female,2,own,little,59150.0,4,car,good,97277.0,Associates's Degree,Married,3,Low,Yes
24,female,2,own,little,148522.5,48,car,good,95000.0,Doctorate,Single,0,High,Yes
24,female,2,own,moderate,148522.5,48,car,good,95000.0,Doctorate,Single,0,High,Yes
24,female,2,own,little,148522.5,48,car,good,95000.0,Doctorate,Single,0,High,Yes
32,female,1,own,little,22435.0,24,radio/TV,bad,95000.0,Master's Degree,Single,0,High,No
35,male,2,own,little,29400.0,12,radio/TV,good,95000.0,Master's Degree,Single,0,High,Yes
30,male,2,own,moderate,62405.0,48,business,good,95000.0,High School Diploma,Married,1,High,Yes
51,male,2,own,moderate,83492.5,11,radio/TV,good,95000.0,Doctorate,Married,1,High,No
51,male,2,own,moderate,83492.5,11,radio/TV,good,95000.0,Doctorate,Married,1,High,No
51,male,2,own,moderate,83492.5,11,radio/TV,good,95000.0,Doctorate,Married,1,High,No
30,male,2,own,little,62405.0,48,business,good,95000.0,High School Diploma,Married,1,High,Yes
24,male,2,own,little,8015.0,9,radio/TV,good,95000.0,High School Diploma,Married,1,High,No
51,male,2,own,little,83492.5,11,radio/TV,good,95000.0,Doctorate,Married,1,High,No
51,male,2,own,rich,83492.5,11,radio/TV,good,95000.0,Doctorate,Married,1,High,No
35,male,2,own,moderate,29400.0,12,radio/TV,good,95000.0,Master's Degree,Single,0,High,Yes
30,male,2,own,little,62405.0,48,business,good,95000.0,High School Diploma,Married,1,High,Yes
24,female,2,own,little,148522.5,48,car,good,95000.0,Doctorate,Single,0,High,Yes
24,male,2,rent,little,40652.5,36,radio/TV,good,95000.0,Master's Degree,Married,2,High,Yes
32,female,1,own,little,22435.0,24,radio/TV,bad,95000.0,Master's Degree,Single,0,High,No
48,male,2,own,moderate,22540.0,9,repairs,good,92500.0,Master's Degree,Single,0,High,No
29,male,1,own,quite rich,40827.5,24,furniture/equipment,good,92500.0,Master's Degree,Single,0,High,No
24,female,1,rent,little,27440.0,18,business,good,92500.0,Master's Degree,Single,0,High,No
29,male,1,own,little,40827.5,24,furniture/equipment,good,92500.0,Master's Degree,Single,0,High,No
29,male,1,own,moderate,40827.5,24,furniture/equipment,good,92500.0,Master's Degree,Single,0,High,No
48,male,2,own,little,22540.0,9,repairs,good,92500.0,Master's Degree,Single,0,High,No
48,male,2,own,little,22540.0,9,repairs,good,92500.0,Master's Degree,Single,0,High,No
48,male,2,own,little,22540.0,9,repairs,good,92500.0,Master's Degree,Single,0,High,No
29,male,1,own,little,40827.5,24,furniture/equipment,good,92500.0,Master's Degree,Single,0,High,No
29,male,1,own,little,40827.5,24,furniture/equipment,good,92500.0,Master's Degree,Single,0,High,No
26,female,2,rent,little,54495.0,18,furniture/equipment,bad,92360.0,Doctorate,Single,0,Average,No
26,female,2,rent,little,54495.0,18,furniture/equipment,bad,92360.0,Doctorate,Single,0,Average,No
26,female,2,rent,little,54495.0,18,furniture/equipment,bad,92360.0,Doctorate,Single,0,Average,No
26,female,2,rent,little,54495.0,18,furniture/equipment,bad,92360.0,Doctorate,Single,0,Average,No
26,female,2,rent,little,54495.0,18,furniture/equipment,bad,92360.0,Doctorate,Single,0,Average,No
26,female,2,rent,little,54495.0,18,furniture/equipment,bad,92360.0,Doctorate,Single,0,Average,No
58,male,2,rent,quite rich,279037.5,54,business,bad,90000.0,Doctorate,Married,1,High,No
38,male,2,own,little,33670.0,10,radio/TV,good,90000.0,Doctorate,Married,1,High,Yes
35,female,3,own,little,24377.5,11,car,good,90000.0,Doctorate,Married,1,High,No
30,male,2,own,moderate,11182.5,12,repairs,bad,90000.0,Doctorate,Married,1,High,No
58,male,2,rent,little,279037.5,54,business,bad,90000.0,Doctorate,Married,1,High,No
58,male,2,rent,little,279037.5,54,business,bad,90000.0,Doctorate,Married,1,High,No
25,female,2,own,moderate,41895.0,36,radio/TV,good,90000.0,Master's Degree,Married,2,High,No
35,female,3,own,little,24377.5,11,car,good,90000.0,Doctorate,Married,1,High,No
25,female,2,rent,little,22662.5,12,car,bad,90000.0,High School Diploma,Married,1,High,Yes
58,male,2,rent,little,279037.5,54,business,bad,90000.0,Doctorate,Married,1,High,No
30,male,2,own,rich,11182.5,12,repairs,bad,90000.0,Doctorate,Married,1,High,No
30,male,2,own,little,11182.5,12,repairs,bad,90000.0,Doctorate,Married,1,High,No
25,female,2,rent,little,22662.5,12,car,bad,90000.0,High School Diploma,Married,1,High,Yes
29,female,1,rent,little,19652.5,12,furniture/equipment,bad,89326.0,Master's Degree,Single,3,Average,Yes
29,female,1,rent,quite rich,19652.5,12,furniture/equipment,bad,89326.0,Master's Degree,Single,3,Average,Yes
31,male,2,own,quite rich,84297.5,24,car,bad,88448.0,Doctorate,Married,0,High,Yes
31,male,2,own,moderate,84297.5,24,car,bad,88448.0,Doctorate,Married,0,High,Yes
31,male,2,own,little,84297.5,24,car,bad,88448.0,Doctorate,Married,0,High,Yes
36,male,2,own,little,22085.0,15,domestic appliances,good,87500.0,Master's Degree,Single,0,High,Yes
47,male,2,own,rich,62615.0,48,radio/TV,good,87500.0,Doctorate,Married,1,High,No
36,male,2,own,little,22085.0,15,domestic appliances,good,87500.0,Master's Degree,Single,0,High,Yes
25,female,2,own,little,32112.5,21,radio/TV,bad,87500.0,Master's Degree,Single,0,High,Yes
30,male,3,own,little,39357.5,18,car,good,87500.0,Master's Degree,Single,0,High,No
30,male,3,own,little,39357.5,18,car,good,87500.0,Master's Degree,Single,0,High,No
22,male,2,own,little,43085.0,18,furniture/equipment,bad,85000.0,Master's Degree,Married,2,High,Yes
22,male,2,own,little,43085.0,18,furniture/equipment,bad,85000.0,Master's Degree,Married,2,High,Yes
37,male,2,own,rich,36750.0,18,radio/TV,bad,85000.0,Master's Degree,Married,2,High,No
53,male,2,own,little,42420.0,24,radio/TV,good,85000.0,Doctorate,Married,1,High,Yes
27,female,2,rent,little,33670.0,18,furniture/equipment,bad,85000.0,Doctorate,Married,1,High,Yes
22,male,2,own,little,43085.0,18,furniture/equipment,bad,85000.0,Master's Degree,Married,2,High,Yes
22,male,2,own,little,43085.0,18,furniture/equipment,bad,85000.0,Master's Degree,Married,2,High,Yes
27,male,1,own,little,47390.0,15,furniture/equipment,good,85000.0,Master's Degree,Single,0,High,No
27,male,1,own,little,47390.0,15,furniture/equipment,good,85000.0,Master's Degree,Single,0,High,No
33,female,1,own,moderate,13947.5,12,radio/TV,bad,85000.0,Doctorate,Married,1,High,Yes
27,male,2,own,quite rich,24342.5,9,business,good,85000.0,Doctorate,Married,1,High,No
27,male,1,own,quite rich,47390.0,15,furniture/equipment,good,85000.0,Master's Degree,Single,0,High,No
58,female,1,own,little,30712.5,24,vacation/others,good,85000.0,Doctorate,Married,1,High,No
22,male,2,own,little,43085.0,18,furniture/equipment,bad,85000.0,Master's Degree,Married,2,High,Yes
53,male,2,own,little,42420.0,24,radio/TV,good,85000.0,Doctorate,Married,1,High,Yes
53,male,2,own,little,42420.0,24,radio/TV,good,85000.0,Doctorate,Married,1,High,Yes
27,male,2,own,little,24342.5,9,business,good,85000.0,Doctorate,Married,1,High,No
53,male,2,own,moderate,42420.0,24,radio/TV,good,85000.0,Doctorate,Married,1,High,Yes
29,male,2,own,little,62230.0,15,car,good,83425.0,Master's Degree,Married,3,Low,Yes
29,male,2,own,little,62230.0,15,car,good,83425.0,Master's Degree,Married,3,Low,Yes
45,male,1,own,little,5932.5,12,education,good,82500.0,Doctorate,Married,1,High,Yes
45,male,1,own,little,5932.5,12,education,good,82500.0,Doctorate,Married,1,High,Yes
37,male,1,own,little,20195.0,9,radio/TV,good,82243.0,Associates's Degree,Married,2,High,Yes
37,male,1,own,rich,20195.0,9,radio/TV,good,82243.0,Associates's Degree,Married,2,High,Yes
37,male,1,own,little,20195.0,9,radio/TV,good,82243.0,Associates's Degree,Married,2,High,Yes
37,male,1,own,moderate,20195.0,9,radio/TV,good,82243.0,Associates's Degree,Married,2,High,Yes
37,male,1,own,little,20195.0,9,radio/TV,good,82243.0,Associates's Degree,Married,2,High,Yes
37,male,1,own,little,20195.0,9,radio/TV,good,82243.0,Associates's Degree,Married,2,High,Yes
37,male,1,own,little,20195.0,9,radio/TV,good,82243.0,Associates's Degree,Married,2,High,Yes
37,male,1,own,little,20195.0,9,radio/TV,good,82243.0,Associates's Degree,Married,2,High,Yes
29,female,2,own,little,61232.5,12,car,bad,82000.0,Master's Degree,Married,1,High,No
29,female,2,own,little,61232.5,12,car,bad,82000.0,Master's Degree,Married,1,High,No
29,female,2,own,little,61232.5,12,car,bad,82000.0,Master's Degree,Married,1,High,No
44,male,2,rent,little,46322.5,6,radio/TV,good,80000.0,Master's Degree,Single,0,High,Yes
61,male,1,own,little,53532.5,12,radio/TV,good,80000.0,Master's Degree,Married,2,High,Yes
44,male,2,rent,quite rich,46322.5,6,radio/TV,good,80000.0,Master's Degree,Single,0,High,Yes
61,male,1,own,little,53532.5,12,radio/TV,good,80000.0,Master's Degree,Married,2,High,Yes
66,male,1,own,little,13405.0,12,radio/TV,bad,80000.0,Doctorate,Married,1,High,No
27,male,2,own,moderate,70350.0,24,furniture/equipment,good,80000.0,Doctorate,Married,1,High,No
31,male,2,own,rich,54320.0,18,business,good,78223.0,Master's Degree,Single,1,Average,No
31,male,2,own,little,54320.0,18,business,good,78223.0,Master's Degree,Single,1,Average,No
31,male,2,own,little,54320.0,18,business,good,78223.0,Master's Degree,Single,1,Average,No
31,male,2,own,moderate,54320.0,18,business,good,78223.0,Master's Degree,Single,1,Average,No
31,male,2,own,quite rich,54320.0,18,business,good,78223.0,Master's Degree,Single,1,Average,No
41,male,1,own,little,15540.0,12,car,bad,78022.0,Associates's Degree,Married,2,High,Yes
41,male,1,own,little,15540.0,12,car,bad,78022.0,Associates's Degree,Married,2,High,Yes
33,female,2,own,little,49542.5,30,radio/TV,good,77783.0,Doctorate,Married,3,Low,Yes
41,female,3,rent,little,67690.0,24,car,good,77500.0,Doctorate,Married,1,High,Yes
31,female,2,own,little,167405.0,36,radio/TV,good,77500.0,Doctorate,Married,1,High,Yes
31,female,2,own,little,167405.0,36,radio/TV,good,77500.0,Doctorate,Married,1,High,Yes
28,male,2,own,little,19390.0,12,repairs,bad,77500.0,Doctorate,Married,1,High,Yes
31,female,2,own,moderate,167405.0,36,radio/TV,good,77500.0,Doctorate,Married,1,High,Yes
31,female,2,own,little,167405.0,36,radio/TV,good,77500.0,Doctorate,Married,1,High,Yes
41,female,3,rent,little,67690.0,24,car,good,77500.0,Doctorate,Married,1,High,Yes
28,male,2,own,little,19390.0,12,repairs,bad,77500.0,Doctorate,Married,1,High,Yes
28,male,2,own,little,19390.0,12,repairs,bad,77500.0,Doctorate,Married,1,High,Yes
32,male,2,own,little,106365.0,12,car,good,77500.0,Bachelor's Degree,Married,2,High,Yes
29,male,2,own,little,48002.5,28,radio/TV,good,75235.0,Doctorate,Married,0,High,Yes
46,male,2,own,little,20107.5,18,radio/TV,good,75075.0,High School Diploma,Single,2,Low,Yes
34,male,3,own,moderate,32550.0,12,car,good,75000.0,Bachelor's Degree,Single,0,Average,No
42,female,2,rent,rich,7157.5,12,radio/TV,good,75000.0,Master's Degree,Single,0,High,Yes
42,female,2,rent,little,7157.5,12,radio/TV,good,75000.0,Master's Degree,Single,0,High,Yes
66,male,3,free,rich,26705.0,12,car,good,75000.0,Bachelor's Degree,Married,2,High,No
66,male,3,free,little,26705.0,12,car,good,75000.0,Bachelor's Degree,Married,2,High,No
42,female,2,rent,little,7157.5,12,radio/TV,good,75000.0,Master's Degree,Single,0,High,Yes
49,male,1,own,moderate,36680.0,12,education,good,75000.0,Doctorate,Married,1,High,No
42,female,2,rent,little,7157.5,12,radio/TV,good,75000.0,Master's Degree,Single,0,High,Yes
43,female,1,own,little,25532.5,15,radio/TV,good,73561.0,Bachelor's Degree,Single,3,High,Yes
43,female,1,own,little,25532.5,15,radio/TV,good,73561.0,Bachelor's Degree,Single,3,High,Yes
43,female,1,own,little,25532.5,15,radio/TV,good,73561.0,Bachelor's Degree,Single,3,High,Yes
43,female,1,own,little,25532.5,15,radio/TV,good,73561.0,Bachelor's Degree,Single,3,High,Yes
43,female,1,own,little,25532.5,15,radio/TV,good,73561.0,Bachelor's Degree,Single,3,High,Yes
43,female,1,own,little,25532.5,15,radio/TV,good,73561.0,Bachelor's Degree,Single,3,High,Yes
43,female,1,own,little,25532.5,15,radio/TV,good,73561.0,Bachelor's Degree,Single,3,High,Yes
46,male,2,own,little,27685.0,18,radio/TV,good,72500.0,Bachelor's Degree,Married,2,High,Yes
24,male,2,rent,little,108272.5,30,car,good,72500.0,Bachelor's Degree,Married,2,High,No
33,male,2,own,little,25865.0,15,radio/TV,good,71718.0,High School Diploma,Married,0,Average,Yes
28,female,2,rent,quite rich,24552.5,15,car,good,70000.0,Bachelor's Degree,Married,2,High,No
28,female,2,rent,little,24552.5,15,car,good,70000.0,Bachelor's Degree,Married,2,High,No
48,male,1,rent,little,39217.5,10,car,good,70000.0,Doctorate,Married,1,High,Yes
48,male,1,rent,little,39217.5,10,car,good,70000.0,Doctorate,Married,1,High,Yes
28,female,2,rent,little,24552.5,15,car,good,70000.0,Bachelor's Degree,Married,2,High,No
48,male,1,rent,little,39217.5,10,car,good,70000.0,Doctorate,Married,1,High,Yes
28,female,2,rent,quite rich,24552.5,15,car,good,70000.0,Bachelor's Degree,Married,2,High,No
28,female,2,rent,moderate,24552.5,15,car,good,70000.0,Bachelor's Degree,Married,2,High,No
48,male,1,rent,rich,39217.5,10,car,good,70000.0,Doctorate,Married,1,High,Yes
43,male,3,own,little,277497.5,36,vacation/others,good,69008.0,Bachelor's Degree,Single,1,High,Yes
43,male,3,own,little,277497.5,36,vacation/others,good,69008.0,Bachelor's Degree,Single,1,High,Yes
43,male,3,own,moderate,277497.5,36,vacation/others,good,69008.0,Bachelor's Degree,Single,1,High,Yes
47,male,2,free,little,34720.0,18,furniture/equipment,good,68000.0,Doctorate,Married,2,Average,Yes
47,male,2,free,little,34720.0,18,furniture/equipment,good,68000.0,Doctorate,Married,2,Average,Yes
37,male,2,free,little,31832.5,36,education,bad,67500.0,Bachelor's Degree,Single,0,Average,No
37,male,2,free,little,31832.5,36,education,bad,67500.0,Bachelor's Degree,Single,0,Average,No
37,male,2,free,rich,31832.5,36,education,bad,67500.0,Bachelor's Degree,Single,0,Average,No
37,male,2,free,little,31832.5,36,education,bad,67500.0,Bachelor's Degree,Single,0,Average,No
20,female,2,rent,little,22435.0,12,furniture/equipment,bad,67500.0,Bachelor's Degree,Married,2,High,Yes
25,female,2,own,quite rich,137462.5,36,car,bad,67500.0,Bachelor's Degree,Married,2,High,No
47,male,2,own,rich,21227.5,15,radio/TV,good,67500.0,Bachelor's Degree,Married,2,High,Yes
37,male,2,free,little,31832.5,36,education,bad,67500.0,Bachelor's Degree,Single,0,Average,No
29,male,2,own,little,19302.5,12,radio/TV,good,66831.0,Doctorate,Single,0,Average,No
48,male,2,own,moderate,37345.0,9,car,good,65000.0,Bachelor's Degree,Married,2,High,No
48,male,2,own,little,37345.0,9,car,good,65000.0,Bachelor's Degree,Married,2,High,No
31,male,2,free,little,106925.0,48,education,good,65000.0,Bachelor's Degree,Single,0,Average,Yes
31,male,2,free,little,106925.0,48,education,good,65000.0,Bachelor's Degree,Single,0,Average,Yes
27,male,3,own,little,59780.0,27,radio/TV,good,65000.0,Bachelor's Degree,Single,0,Average,No
31,male,2,free,little,106925.0,48,education,good,65000.0,Bachelor's Degree,Single,0,Average,Yes
34,male,2,own,little,42262.5,7,radio/TV,good,65000.0,Doctorate,Married,1,High,No
27,male,3,own,little,59780.0,27,radio/TV,good,65000.0,Bachelor's Degree,Single,0,Average,No
27,male,3,own,little,59780.0,27,radio/TV,good,65000.0,Bachelor's Degree,Single,0,Average,No
34,male,2,own,rich,42262.5,7,radio/TV,good,65000.0,Doctorate,Married,1,High,No
34,male,2,own,little,42262.5,7,radio/TV,good,65000.0,Doctorate,Married,1,High,No
34,male,2,own,little,42262.5,7,radio/TV,good,65000.0,Doctorate,Married,1,High,No
39,male,1,own,little,59465.0,8,car,good,63725.0,High School Diploma,Single,3,Low,Yes
39,male,1,own,quite rich,59465.0,8,car,good,63725.0,High School Diploma,Single,3,Low,Yes
37,male,1,own,little,33635.0,12,furniture/equipment,bad,63631.0,Bachelor's Degree,Single,0,Low,Yes
41,male,2,own,little,55300.0,21,radio/TV,good,63090.0,Doctorate,Single,2,High,Yes
47,male,2,free,little,220710.0,36,education,bad,62500.0,Bachelor's Degree,Married,2,High,No
30,female,2,own,little,18462.5,18,car,good,62500.0,Bachelor's Degree,Married,2,High,Yes
36,male,3,own,little,41405.0,12,car,good,62500.0,Bachelor's Degree,Married,2,High,Yes
36,male,3,own,little,41405.0,12,car,good,62500.0,Bachelor's Degree,Married,2,High,Yes
20,male,2,rent,little,63297.5,24,furniture/equipment,good,62500.0,Bachelor's Degree,Single,0,Average,Yes
26,male,1,own,little,13702.5,6,car,good,62500.0,Bachelor's Degree,Married,2,High,Yes
26,male,1,own,little,13702.5,6,car,good,62500.0,Bachelor's Degree,Married,2,High,Yes
30,female,2,own,moderate,18462.5,18,car,good,62500.0,Bachelor's Degree,Married,2,High,Yes
47,male,2,free,little,220710.0,36,education,bad,62500.0,Bachelor's Degree,Married,2,High,No
36,male,3,own,little,41405.0,12,car,good,62500.0,Bachelor's Degree,Married,2,High,Yes
25,female,2,own,little,48335.0,12,furniture/equipment,bad,60902.0,High School Diploma,Single,0,Low,No
39,male,1,own,quite rich,7455.0,6,radio/TV,good,60000.0,Bachelor's Degree,Married,2,High,Yes
50,male,2,own,little,26897.5,15,radio/TV,good,60000.0,Bachelor's Degree,Single,0,Average,Yes
30,male,2,own,little,37117.5,12,car,good,60000.0,Bachelor's Degree,Single,0,Average,Yes
35,male,3,rent,moderate,121590.0,36,car,good,60000.0,Bachelor's Degree,Single,0,Average,Yes
30,male,2,own,little,37117.5,12,car,good,60000.0,Bachelor's Degree,Single,0,Average,Yes
35,male,3,rent,little,121590.0,36,car,good,60000.0,Bachelor's Degree,Single,0,Average,Yes
30,male,2,own,little,37117.5,12,car,good,60000.0,Bachelor's Degree,Single,0,Average,Yes
35,male,3,rent,little,121590.0,36,car,good,60000.0,Bachelor's Degree,Single,0,Average,Yes
39,male,1,own,little,7455.0,6,radio/TV,good,60000.0,Bachelor's Degree,Married,2,High,Yes
31,male,2,own,little,100485.0,36,business,good,59587.0,High School Diploma,Married,0,Low,Yes
31,male,2,own,moderate,100485.0,36,business,good,59587.0,High School Diploma,Married,0,Low,Yes
31,male,2,own,little,100485.0,36,business,good,59587.0,High School Diploma,Married,0,Low,Yes
31,male,2,own,little,100485.0,36,business,good,59587.0,High School Diploma,Married,0,Low,Yes
37,male,2,free,little,39882.5,12,radio/TV,good,59136.0,Bachelor's Degree,Single,3,Average,Yes
37,male,2,free,little,39882.5,12,radio/TV,good,59136.0,Bachelor's Degree,Single,3,Average,Yes
37,male,2,free,little,39882.5,12,radio/TV,good,59136.0,Bachelor's Degree,Single,3,Average,Yes
37,male,2,free,little,39882.5,12,radio/TV,good,59136.0,Bachelor's Degree,Single,3,Average,Yes
37,male,2,free,moderate,39882.5,12,radio/TV,good,59136.0,Bachelor's Degree,Single,3,Average,Yes
67,female,2,own,little,67760.0,18,repairs,good,58577.0,Doctorate,Single,0,Low,No
67,female,2,own,little,67760.0,18,repairs,good,58577.0,Doctorate,Single,0,Low,No
26,male,2,own,little,83790.0,48,car,good,58484.0,Master's Degree,Married,0,Low,No
39,male,3,own,moderate,113015.0,18,car,bad,57500.0,Associate's Degree,Single,0,Average,No
23,female,3,own,little,34317.5,18,car,good,57500.0,Bachelor's Degree,Single,0,Average,Yes
24,male,1,rent,little,30940.0,12,furniture/equipment,good,57500.0,Bachelor's Degree,Single,0,Average,Yes
44,male,1,own,little,108570.0,18,repairs,good,57500.0,Associate's Degree,Single,0,Average,Yes
40,male,3,own,little,34597.5,36,education,bad,57500.0,Associate's Degree,Single,0,Average,Yes
56,male,2,own,quite rich,10815.0,12,radio/TV,good,57500.0,Bachelor's Degree,Single,0,Average,No
28,male,2,own,little,93992.5,36,furniture/equipment,good,57500.0,Associate's Degree,Single,0,Average,No
40,male,3,own,little,34597.5,36,education,bad,57500.0,Associate's Degree,Single,0,Average,Yes
44,male,1,own,quite rich,108570.0,18,repairs,good,57500.0,Associate's Degree,Single,0,Average,Yes
39,male,3,own,little,113015.0,18,car,bad,57500.0,Associate's Degree,Single,0,Average,No
40,male,3,own,moderate,34597.5,36,education,bad,57500.0,Associate's Degree,Single,0,Average,Yes
40,male,3,own,rich,34597.5,36,education,bad,57500.0,Associate's Degree,Single,0,Average,Yes
23,female,3,own,little,34317.5,18,car,good,57500.0,Bachelor's Degree,Single,0,Average,Yes
40,male,3,own,little,34597.5,36,education,bad,57500.0,Associate's Degree,Single,0,Average,Yes
28,male,2,own,little,93992.5,36,furniture/equipment,good,57500.0,Associate's Degree,Single,0,Average,No
60,male,1,own,little,20982.5,24,car,bad,55000.0,Associate's Degree,Single,0,Average,No
29,male,2,own,little,120522.5,36,education,bad,55000.0,Bachelor's Degree,Married,1,Average,No
29,male,2,own,moderate,120522.5,36,education,bad,55000.0,Bachelor's Degree,Married,1,Average,No
28,male,1,own,little,52377.5,21,car,good,53372.0,Doctorate,Single,0,Low,No
28,male,1,own,little,52377.5,21,car,good,53372.0,Doctorate,Single,0,Low,No
28,male,1,own,little,52377.5,21,car,good,53372.0,Doctorate,Single,0,Low,No
40,male,1,rent,moderate,11970.0,12,education,bad,53326.0,Bachelor's Degree,Single,1,Low,Yes
43,male,2,own,moderate,33862.5,12,furniture/equipment,good,53082.0,Doctorate,Single,2,Average,Yes
43,male,2,own,rich,33862.5,12,furniture/equipment,good,53082.0,Doctorate,Single,2,Average,Yes
44,female,2,own,little,104002.5,24,radio/TV,bad,52500.0,High School Diploma,Single,0,Average,Yes
28,male,1,rent,quite rich,109550.0,18,car,good,52500.0,High School Diploma,Single,0,Average,Yes
28,male,1,rent,little,109550.0,18,car,good,52500.0,High School Diploma,Single,0,Average,Yes
44,female,2,own,little,104002.5,24,radio/TV,bad,52500.0,High School Diploma,Single,0,Average,Yes
28,male,1,rent,little,109550.0,18,car,good,52500.0,High School Diploma,Single,0,Average,Yes
39,male,1,own,little,126490.0,11,car,good,52500.0,High School Diploma,Single,0,Average,Yes
36,male,3,rent,moderate,121922.5,24,business,good,52500.0,High School Diploma,Single,0,Average,Yes
44,female,2,own,little,104002.5,24,radio/TV,bad,52500.0,High School Diploma,Single,0,Average,Yes
28,male,1,rent,little,109550.0,18,car,good,52500.0,High School Diploma,Single,0,Average,Yes
39,male,1,own,little,126490.0,11,car,good,52500.0,High School Diploma,Single,0,Average,Yes
28,male,1,rent,little,109550.0,18,car,good,52500.0,High School Diploma,Single,0,Average,Yes
28,male,1,rent,little,109550.0,18,car,good,52500.0,High School Diploma,Single,0,Average,Yes
44,female,2,own,little,104002.5,24,radio/TV,bad,52500.0,High School Diploma,Single,0,Average,Yes
36,male,3,rent,little,123497.5,20,car,good,50000.0,Associate's Degree,Single,0,Average,No
31,male,2,own,little,60025.0,24,radio/TV,good,50000.0,High School Diploma,Single,0,Average,No
36,male,3,rent,little,123497.5,20,car,good,50000.0,Associate's Degree,Single,0,Average,No
67,male,2,own,little,20457.5,6,radio/TV,good,50000.0,Bachelor's Degree,Single,0,High,No
67,male,2,own,quite rich,20457.5,6,radio/TV,good,50000.0,Bachelor's Degree,Single,0,High,No
67,male,2,own,quite rich,20457.5,6,radio/TV,good,50000.0,Bachelor's Degree,Single,0,High,No
67,male,2,own,little,20457.5,6,radio/TV,good,50000.0,Bachelor's Degree,Single,0,High,No
39,male,2,free,moderate,22242.5,15,radio/TV,bad,49324.0,Doctorate,Married,3,Average,Yes
39,male,2,free,quite rich,22242.5,15,radio/TV,bad,49324.0,Doctorate,Married,3,Average,Yes
39,male,2,free,moderate,22242.5,15,radio/TV,bad,49324.0,Doctorate,Married,3,Average,Yes
23,male,2,rent,quite rich,71925.0,24,furniture/equipment,bad,47562.0,Associates's Degree,Single,3,Low,No
23,male,2,rent,little,71925.0,24,furniture/equipment,bad,47562.0,Associates's Degree,Single,3,Low,No
23,male,2,rent,rich,71925.0,24,furniture/equipment,bad,47562.0,Associates's Degree,Single,3,Low,No
36,male,2,own,little,50260.0,24,radio/TV,good,47500.0,Associate's Degree,Single,0,Average,No
36,male,2,own,little,50260.0,24,radio/TV,good,47500.0,Associate's Degree,Single,0,Average,No
36,male,2,own,little,50260.0,24,radio/TV,good,47500.0,Associate's Degree,Single,0,Average,No
23,female,2,own,little,74917.5,33,furniture/equipment,bad,47500.0,Associate's Degree,Single,0,Average,No
36,male,2,own,little,50260.0,24,radio/TV,good,47500.0,Associate's Degree,Single,0,Average,No
57,male,2,free,little,38937.5,36,car,bad,47500.0,Associate's Degree,Single,0,Average,No
27,female,2,own,rich,22662.5,18,furniture/equipment,good,47500.0,Associate's Degree,Single,0,Average,No
57,male,2,free,little,38937.5,36,car,bad,47500.0,Associate's Degree,Single,0,Average,No
23,female,2,own,little,74917.5,33,furniture/equipment,bad,47500.0,Associate's Degree,Single,0,Average,No
57,male,2,free,little,38937.5,36,car,bad,47500.0,Associate's Degree,Single,0,Average,No
39,male,2,own,little,25777.5,18,radio/TV,good,45039.0,Master's Degree,Married,3,High,No
39,male,2,own,rich,25777.5,18,radio/TV,good,45039.0,Master's Degree,Married,3,High,No
39,male,2,own,little,25777.5,18,radio/TV,good,45039.0,Master's Degree,Married,3,High,No
39,male,2,own,little,25777.5,18,radio/TV,good,45039.0,Master's Degree,Married,3,High,No
39,male,2,own,little,25777.5,18,radio/TV,good,45039.0,Master's Degree,Married,3,High,No
39,male,2,own,little,25777.5,18,radio/TV,good,45039.0,Master's Degree,Married,3,High,No
25,male,1,own,quite rich,83055.0,45,radio/TV,bad,45000.0,Associate's Degree,Single,0,Average,Yes
25,male,1,own,rich,83055.0,45,radio/TV,bad,45000.0,Associate's Degree,Single,0,Average,Yes
36,male,1,own,little,24045.0,6,furniture/equipment,good,45000.0,Associate's Degree,Single,0,Average,Yes
36,male,1,own,rich,24045.0,6,furniture/equipment,good,45000.0,Associate's Degree,Single,0,Average,Yes
39,female,1,own,little,16310.0,6,education,good,43707.0,Bachelor's Degree,Married,3,Average,No
39,female,1,own,little,16310.0,6,education,good,43707.0,Bachelor's Degree,Married,3,Average,No
39,female,1,own,little,16310.0,6,education,good,43707.0,Bachelor's Degree,Married,3,Average,No
42,male,2,own,little,60305.0,36,furniture/equipment,bad,41481.0,Bachelor's Degree,Single,0,Average,No
42,male,2,own,little,60305.0,36,furniture/equipment,bad,41481.0,Bachelor's Degree,Single,0,Average,No
42,male,2,own,moderate,60305.0,36,furniture/equipment,bad,41481.0,Bachelor's Degree,Single,0,Average,No
53,male,2,own,little,49612.5,24,furniture/equipment,good,40000.0,Associate's Degree,Single,0,Average,No
53,male,2,own,little,49612.5,24,furniture/equipment,good,40000.0,Associate's Degree,Single,0,Average,No
32,male,2,own,rich,52115.0,24,business,good,37886.0,Bachelor's Degree,Married,0,High,Yes
39,male,3,own,little,208915.0,24,vacation/others,bad,37500.0,High School Diploma,Single,0,Low,No
51,female,2,own,little,11935.0,12,car,good,37500.0,High School Diploma,Single,0,Low,Yes
39,male,3,own,little,208915.0,24,vacation/others,bad,37500.0,High School Diploma,Single,0,Low,No
26,male,2,own,little,20265.0,12,radio/TV,good,37500.0,High School Diploma,Single,0,Low,Yes
41,female,1,own,quite rich,104195.0,42,business,good,37500.0,High School Diploma,Single,0,Low,Yes
39,male,3,own,little,208915.0,24,vacation/others,bad,37500.0,High School Diploma,Single,0,Low,No
26,male,2,own,little,20265.0,12,radio/TV,good,37500.0,High School Diploma,Single,0,Low,Yes
39,male,3,own,little,208915.0,24,vacation/others,bad,37500.0,High School Diploma,Single,0,Low,No
51,female,2,own,little,11935.0,12,car,good,37500.0,High School Diploma,Single,0,Low,Yes
26,male,2,own,rich,20265.0,12,radio/TV,good,37500.0,High School Diploma,Single,0,Low,Yes
51,female,2,own,little,11935.0,12,car,good,37500.0,High School Diploma,Single,0,Low,Yes
26,male,2,own,moderate,20265.0,12,radio/TV,good,37500.0,High School Diploma,Single,0,Low,Yes
68,male,0,free,quite rich,20562.5,16,car,good,35719.0,High School Diploma,Married,2,High,No
22,female,2,own,little,27422.5,12,radio/TV,good,35000.0,High School Diploma,Single,0,Low,No
33,female,2,own,quite rich,19792.5,18,furniture/equipment,bad,34966.0,Bachelor's Degree,Single,3,High,Yes
33,female,2,own,little,19792.5,18,furniture/equipment,bad,34966.0,Bachelor's Degree,Single,3,High,Yes
23,female,0,rent,little,23660.0,6,car,good,32500.0,Associate's Degree,Single,0,Low,No
23,female,2,rent,little,6860.0,15,education,good,32500.0,Associate's Degree,Single,0,Low,No
29,female,2,rent,rich,135765.0,24,car,good,32500.0,Associate's Degree,Single,0,Low,Yes
22,male,2,own,little,67060.0,30,furniture/equipment,good,32500.0,Associate's Degree,Single,0,Low,Yes
29,female,2,rent,little,135765.0,24,car,good,32500.0,Associate's Degree,Single,0,Low,Yes
23,female,0,rent,little,23660.0,6,car,good,32500.0,Associate's Degree,Single,0,Low,No
29,female,2,rent,little,135765.0,24,car,good,32500.0,Associate's Degree,Single,0,Low,Yes
44,female,3,free,little,220132.5,24,car,bad,30000.0,Associate's Degree,Single,0,Low,Yes
44,female,3,free,little,220132.5,24,car,bad,30000.0,Associate's Degree,Single,0,Low,Yes
35,female,2,free,little,93170.0,15,car,good,28675.0,Associates's Degree,Married,2,Low,Yes
52,male,2,own,moderate,16380.0,9,education,good,28635.0,High School Diploma,Single,3,High,Yes
52,male,2,own,moderate,16380.0,9,education,good,28635.0,High School Diploma,Single,3,High,Yes
52,male,2,own,rich,16380.0,9,education,good,28635.0,High School Diploma,Single,3,High,Yes
52,male,2,own,little,16380.0,9,education,good,28635.0,High School Diploma,Single,3,High,Yes
52,male,2,own,little,16380.0,9,education,good,28635.0,High School Diploma,Single,3,High,Yes
34,male,1,own,moderate,33215.0,6,radio/TV,good,27500.0,High School Diploma,Single,0,Low,No
29,female,3,own,moderate,24710.0,12,business,good,27500.0,High School Diploma,Single,0,Low,Yes
34,male,1,own,little,33215.0,6,radio/TV,good,27500.0,High School Diploma,Single,0,Low,No
31,male,2,own,rich,59115.0,18,car,good,27500.0,High School Diploma,Single,0,Low,Yes
31,male,2,own,moderate,59115.0,18,car,good,27500.0,High School Diploma,Single,0,Low,Yes
27,female,2,rent,little,37310.0,10,furniture/equipment,good,27500.0,High School Diploma,Single,0,Low,No
29,female,3,own,little,24710.0,12,business,good,27500.0,High School Diploma,Single,0,Low,Yes
34,male,1,own,moderate,33215.0,6,radio/TV,good,27500.0,High School Diploma,Single,0,Low,No
27,female,2,rent,little,37310.0,10,furniture/equipment,good,27500.0,High School Diploma,Single,0,Low,No
31,male,2,own,little,59115.0,18,car,good,27500.0,High School Diploma,Single,0,Low,Yes
29,female,3,own,little,24710.0,12,business,good,27500.0,High School Diploma,Single,0,Low,Yes
27,female,2,rent,little,37310.0,10,furniture/equipment,good,27500.0,High School Diploma,Single,0,Low,No
27,female,2,rent,little,37310.0,10,furniture/equipment,good,27500.0,High School Diploma,Single,0,Low,No
27,female,2,rent,rich,37310.0,10,furniture/equipment,good,27500.0,High School Diploma,Single,0,Low,No
31,male,2,own,rich,59115.0,18,car,good,27500.0,High School Diploma,Single,0,Low,Yes
29,female,3,own,little,24710.0,12,business,good,27500.0,High School Diploma,Single,0,Low,Yes
23,male,1,own,little,21805.0,24,car,bad,26229.0,Bachelor's Degree,Single,2,Average,Yes
23,male,1,own,little,21805.0,24,car,bad,26229.0,Bachelor's Degree,Single,2,Average,Yes
26,male,2,own,little,36207.5,10,furniture/equipment,good,25000.0,High School Diploma,Single,0,Low,Yes
26,male,2,own,little,36207.5,10,furniture/equipment,good,25000.0,High School Diploma,Single,0,Low,Yes
26,male,2,own,little,36207.5,10,furniture/equipment,good,25000.0,High School Diploma,Single,0,Low,Yes
26,male,2,own,little,36207.5,10,furniture/equipment,good,25000.0,High School Diploma,Single,0,Low,Yes
